<?xml version = '1.0' encoding = 'UTF-8'?>
<Diagram class="oracle.dbtools.crest.swingui.logical.DPVLogical" name="Logical" id="25548E16-CA47-1FF6-2909-42DF339EAF13">
<createdBy>carla</createdBy>
<modifiedBy>carla</modifiedBy>
<createdTime>2022-11-16 01:57:34 UTC</createdTime>
<autoRoute>false</autoRoute>
<boxInbox>true</boxInbox>
<showLegend>false</showLegend>
<showLabels>false</showLabels>
<showRelAttributes>false</showRelAttributes>
<gridEnabled>false</gridEnabled>
<showGrid>false</showGrid>
<diagramColor>-1</diagramColor>
<display>false</display>
<notation>2</notation>
<objectViews>
<OView class="oracle.dbtools.crest.swingui.logical.TVEntity" oid="1D72CD01-2943-B9B3-5D34-0F2D1C0AA060" otype="Entity" vid="0D656ADF-DC78-287F-8D14-A86CC4D8C2DD">
<hideElementsInCurrentOnly>false</hideElementsInCurrentOnly>
<bounds x="823" y="150" width="179" height="163"/>
</OView>
<OView class="oracle.dbtools.crest.swingui.logical.TVEntity" oid="22BBF390-D751-0A92-54AB-5AD7B280D052" otype="Entity" vid="D2C77364-04C0-7258-AADE-A59CA628F59D">
<hideElementsInCurrentOnly>false</hideElementsInCurrentOnly>
<bounds x="551" y="429" width="183" height="134"/>
</OView>
<OView class="oracle.dbtools.crest.swingui.logical.TVEntity" oid="27426A06-96CF-C269-88FE-F73ECB59BD4E" otype="Entity" vid="63269954-703E-310B-4D1B-D79B98EB4957">
<hideElementsInCurrentOnly>false</hideElementsInCurrentOnly>
<bounds x="297" y="108" width="170" height="138"/>
</OView>
<OView class="oracle.dbtools.crest.swingui.logical.TVEntity" oid="2B327366-1684-2643-7899-28EB2D05298D" otype="Entity" vid="2205F2E9-6CD5-2AB7-C616-36976303A2A1">
<hideElementsInCurrentOnly>false</hideElementsInCurrentOnly>
<bounds x="825" y="388" width="224" height="69"/>
</OView>
<OView class="oracle.dbtools.crest.swingui.logical.TVEntity" oid="45888A3E-77EB-D755-C890-B54419A4D9D8" otype="Entity" vid="9C41E288-020C-2AB4-3D21-C25EF2B91C21">
<hideElementsInCurrentOnly>false</hideElementsInCurrentOnly>
<bounds x="304" y="340" width="170" height="122"/>
</OView>
<OView class="oracle.dbtools.crest.swingui.logical.TVEntity" oid="52DEDC47-01B2-644F-61D8-0516640B7CFA" otype="Entity" vid="B1801980-EC6A-DF67-043A-BB1097F6CC10">
<hideElementsInCurrentOnly>false</hideElementsInCurrentOnly>
<bounds x="34" y="36" width="170" height="110"/>
</OView>
<OView class="oracle.dbtools.crest.swingui.logical.TVEntity" oid="7B67A42C-FA2B-8086-37E2-35009CA245E1" otype="Entity" vid="B39B793A-35D1-B21F-5C33-53829D86ED3E">
<hideElementsInCurrentOnly>false</hideElementsInCurrentOnly>
<bounds x="457" y="623" width="170" height="80"/>
</OView>
<OView class="oracle.dbtools.crest.swingui.logical.TVEntity" oid="A90B67AF-AD4D-7EA0-3F49-4A9D369C6698" otype="Entity" vid="DEAB5C53-1FA9-F0D8-3661-52AC4AD44810">
<hideElementsInCurrentOnly>false</hideElementsInCurrentOnly>
<bounds x="1009" y="479" width="193" height="80"/>
</OView>
<OView class="oracle.dbtools.crest.swingui.logical.TVEntity" oid="D5036BBB-17EF-9D5D-1D40-5D3F3495B77F" otype="Entity" vid="B751DC3D-C853-0E29-98C0-B98A478D9AE4">
<hideElementsInCurrentOnly>false</hideElementsInCurrentOnly>
<bounds x="655" y="626" width="170" height="83"/>
</OView>
<OView class="oracle.dbtools.crest.swingui.logical.TVEntity" oid="EDBC4673-6BD2-1957-13A1-F56C4C083574" otype="Entity" vid="933F62F0-20AD-46EF-CB53-E5A31391A822">
<hideElementsInCurrentOnly>false</hideElementsInCurrentOnly>
<bounds x="537" y="274" width="208" height="132"/>
</OView>
<OView class="oracle.dbtools.crest.swingui.logical.TVEntity" oid="F164CF09-AB1C-36E5-F730-53AF18398EC8" otype="Entity" vid="A56B568E-ED64-2A8E-1854-F8B65479F052">
<hideElementsInCurrentOnly>false</hideElementsInCurrentOnly>
<bounds x="21" y="339" width="187" height="110"/>
</OView>
<OView class="oracle.dbtools.crest.swingui.logical.TVEntity" oid="F82601C7-F8AB-66C4-F631-8F5D7DAF38C8" otype="Entity" vid="68BAF1E3-60FA-15BE-3E63-C5A3E8EE589F">
<hideElementsInCurrentOnly>false</hideElementsInCurrentOnly>
<bounds x="37" y="166" width="170" height="110"/>
</OView>
</objectViews>
<connectors>
<Connector class="oracle.dbtools.crest.swingui.logical.TVRelation" oid="119ED604-0F8C-5758-66A5-96E37EA5B43F" otype="Relation" vid_source="63269954-703E-310B-4D1B-D79B98EB4957" vid_target="68BAF1E3-60FA-15BE-3E63-C5A3E8EE589F">
<hideElementsInCurrentOnly>false</hideElementsInCurrentOnly>
<backgroundColor>-16777216</backgroundColor>
<lineWidth>1</lineWidth>
<points>
<point x="297" y="191"/>
<point x="207" y="191"/>
</points>
</Connector>
<Connector class="oracle.dbtools.crest.swingui.logical.TVRelation" oid="2C35DEEF-8CBE-FBF8-4D47-1BC9138E9611" otype="Relation" vid_source="933F62F0-20AD-46EF-CB53-E5A31391A822" vid_target="0D656ADF-DC78-287F-8D14-A86CC4D8C2DD">
<hideElementsInCurrentOnly>false</hideElementsInCurrentOnly>
<backgroundColor>-16777216</backgroundColor>
<lineWidth>1</lineWidth>
<points>
<point x="745" y="293"/>
<point x="823" y="293"/>
</points>
</Connector>
<Connector class="oracle.dbtools.crest.swingui.logical.TVRelation" oid="3993B90B-75A7-31E7-B386-71CDD0A60D4A" otype="Relation" vid_source="D2C77364-04C0-7258-AADE-A59CA628F59D" vid_target="DEAB5C53-1FA9-F0D8-3661-52AC4AD44810">
<hideElementsInCurrentOnly>false</hideElementsInCurrentOnly>
<backgroundColor>-16777216</backgroundColor>
<lineWidth>1</lineWidth>
<points>
<point x="734" y="519"/>
<point x="1009" y="519"/>
</points>
</Connector>
<Connector class="oracle.dbtools.crest.swingui.logical.TVRelation" oid="3F08F9E1-54BA-ABB8-4120-735CE698AE55" otype="Relation" vid_source="DEAB5C53-1FA9-F0D8-3661-52AC4AD44810" vid_target="0D656ADF-DC78-287F-8D14-A86CC4D8C2DD">
<hideElementsInCurrentOnly>false</hideElementsInCurrentOnly>
<backgroundColor>-16777216</backgroundColor>
<lineWidth>1</lineWidth>
<points>
<point x="1079" y="479"/>
<point x="1079" y="296"/>
<point x="1002" y="296"/>
</points>
</Connector>
<Connector class="oracle.dbtools.crest.swingui.logical.TVRelation" oid="4EBD8DE9-760B-79ED-77BB-4E68A092ED99" otype="Relation" vid_source="B1801980-EC6A-DF67-043A-BB1097F6CC10" vid_target="63269954-703E-310B-4D1B-D79B98EB4957">
<hideElementsInCurrentOnly>false</hideElementsInCurrentOnly>
<backgroundColor>-16777216</backgroundColor>
<lineWidth>1</lineWidth>
<points>
<point x="204" y="127"/>
<point x="297" y="127"/>
</points>
</Connector>
<Connector class="oracle.dbtools.crest.swingui.logical.TVRelation" oid="53518F31-75D6-1C94-A5AD-6432B09A5A1F" otype="Relation" vid_source="9C41E288-020C-2AB4-3D21-C25EF2B91C21" vid_target="933F62F0-20AD-46EF-CB53-E5A31391A822">
<hideElementsInCurrentOnly>false</hideElementsInCurrentOnly>
<backgroundColor>-16777216</backgroundColor>
<lineWidth>1</lineWidth>
<points>
<point x="474" y="373"/>
<point x="537" y="373"/>
</points>
</Connector>
<Connector class="oracle.dbtools.crest.swingui.logical.TVRelation" oid="5DB26ECD-E6AC-1C33-523D-BB0CD5137961" otype="Relation" vid_source="9C41E288-020C-2AB4-3D21-C25EF2B91C21" vid_target="D2C77364-04C0-7258-AADE-A59CA628F59D">
<hideElementsInCurrentOnly>false</hideElementsInCurrentOnly>
<backgroundColor>-16777216</backgroundColor>
<lineWidth>1</lineWidth>
<points>
<point x="474" y="445"/>
<point x="551" y="445"/>
</points>
</Connector>
<Connector class="oracle.dbtools.crest.swingui.logical.TVRelation" oid="6712ECF5-5458-C7EC-D4BE-FCF00EC93BC2" otype="Relation" vid_source="933F62F0-20AD-46EF-CB53-E5A31391A822" vid_target="2205F2E9-6CD5-2AB7-C616-36976303A2A1">
<hideElementsInCurrentOnly>false</hideElementsInCurrentOnly>
<backgroundColor>-16777216</backgroundColor>
<lineWidth>1</lineWidth>
<points>
<point x="745" y="397"/>
<point x="825" y="397"/>
</points>
</Connector>
<Connector class="oracle.dbtools.crest.swingui.logical.TVRelation" oid="68860493-C58D-C1FB-2CBF-157D5234F1B8" otype="Relation" vid_source="0D656ADF-DC78-287F-8D14-A86CC4D8C2DD" vid_target="2205F2E9-6CD5-2AB7-C616-36976303A2A1">
<hideElementsInCurrentOnly>false</hideElementsInCurrentOnly>
<backgroundColor>-16777216</backgroundColor>
<lineWidth>1</lineWidth>
<points>
<point x="913" y="313"/>
<point x="913" y="388"/>
</points>
</Connector>
<Connector class="oracle.dbtools.crest.swingui.logical.TVRelation" oid="6AAE1A46-872E-B4EA-01E8-3459A64CCB28" otype="Relation" vid_source="9C41E288-020C-2AB4-3D21-C25EF2B91C21" vid_target="A56B568E-ED64-2A8E-1854-F8B65479F052">
<hideElementsInCurrentOnly>false</hideElementsInCurrentOnly>
<backgroundColor>-16777216</backgroundColor>
<lineWidth>1</lineWidth>
<points>
<point x="304" y="394"/>
<point x="208" y="394"/>
</points>
</Connector>
<Connector class="oracle.dbtools.crest.swingui.logical.TVRelation" oid="73C271A0-B982-3E52-586E-AFE6704F1EE1" otype="Relation" vid_source="D2C77364-04C0-7258-AADE-A59CA628F59D" vid_target="B39B793A-35D1-B21F-5C33-53829D86ED3E">
<hideElementsInCurrentOnly>false</hideElementsInCurrentOnly>
<backgroundColor>-16777216</backgroundColor>
<lineWidth>1</lineWidth>
<points>
<point x="589" y="563"/>
<point x="589" y="623"/>
</points>
</Connector>
<Connector class="oracle.dbtools.crest.swingui.logical.TVRelation" oid="DB7F7713-4833-CB12-3CBA-F3C40D2FC653" otype="Relation" vid_source="D2C77364-04C0-7258-AADE-A59CA628F59D" vid_target="B751DC3D-C853-0E29-98C0-B98A478D9AE4">
<hideElementsInCurrentOnly>false</hideElementsInCurrentOnly>
<backgroundColor>-16777216</backgroundColor>
<lineWidth>1</lineWidth>
<points>
<point x="694" y="563"/>
<point x="694" y="626"/>
</points>
</Connector>
<Connector class="oracle.dbtools.crest.swingui.logical.TVRelation" oid="F9E09EE3-3935-3797-AC8D-ADE83D57B320" otype="Relation" vid_source="63269954-703E-310B-4D1B-D79B98EB4957" vid_target="9C41E288-020C-2AB4-3D21-C25EF2B91C21">
<hideElementsInCurrentOnly>false</hideElementsInCurrentOnly>
<backgroundColor>-16777216</backgroundColor>
<lineWidth>1</lineWidth>
<points>
<point x="385" y="246"/>
<point x="385" y="340"/>
</points>
</Connector>
</connectors>
<arcs>
<Arc class="oracle.dbtools.crest.swingui.logical.TVArc" oid="5B34FDA2-B842-2BC3-7E57-A4059803DCCF" otype="Arc" vid="830224F2-CD48-E9B3-554D-29755DB410C3">
<hideElementsInCurrentOnly>false</hideElementsInCurrentOnly>
<bounds x="531" y="409" width="223" height="174"/>
</Arc>
</arcs>
</Diagram>