<?xml version = '1.0' encoding = 'UTF-8'?>
<Table class="oracle.dbtools.crest.model.design.relational.Table" directorySegmentName="seg_0" id="137D1D4C-3C97-577A-A9D3-B782EB1BE1DD" name="T_USUARIO">
<createdBy>carla</createdBy>
<createdTime>2022-11-16 02:34:30 UTC</createdTime>
<generatorID>27426A06-96CF-C269-88FE-F73ECB59BD4E</generatorID>
<ownerDesignName>Modelo de dados - Carla Ortigoso (RM 97446) - ABC das Finanças</ownerDesignName>
<allowColumnReorder>false</allowColumnReorder>
<existDependencyGenerateInDDl>true</existDependencyGenerateInDDl>
<parsed>true</parsed>
<columns itemClass="oracle.dbtools.crest.model.design.relational.Column">
<Column name="cd_usuario" id="C14E81DE-BB2E-7F07-102A-9E507EC33119">
<createdBy>carla</createdBy>
<createdTime>2022-11-16 02:34:30 UTC</createdTime>
<generatorID>0CA14F4D-49E9-DC51-E08A-77E6788CB812</generatorID>
<ownerDesignName>Modelo de dados - Carla Ortigoso (RM 97446) - ABC das Finanças</ownerDesignName>
<use>0</use>
<ownDataTypeParameters>,,</ownDataTypeParameters>
<autoIncrementCycle>false</autoIncrementCycle>
</Column>
<Column name="T_NOME_cd_nome" id="C9A203E5-3F1F-72E4-EC01-D1EC77B855D5">
<createdBy>carla</createdBy>
<createdTime>2022-11-16 02:34:30 UTC</createdTime>
<generatorID>9D70F38A-3ED0-4329-D608-469C09FF79F0</generatorID>
<ownerDesignName>Modelo de dados - Carla Ortigoso (RM 97446) - ABC das Finanças</ownerDesignName>
<use>0</use>
<ownDataTypeParameters>,,</ownDataTypeParameters>
<previousColumn>false</previousColumn>
<autoIncrementCycle>false</autoIncrementCycle>
<associations>
<colAssociation fkAssociation="7E434F91-8D5F-5968-85F3-7B6EC2372BF6" referredColumn="49DCF836-E91A-C60B-57AB-4727BA7D466C"/>
</associations>
</Column>
<Column name="T_CELULAR_cd_celular" id="AFC551A5-CA30-1870-13EB-AAC9C9FC9F2B">
<createdBy>carla</createdBy>
<createdTime>2022-11-16 02:34:30 UTC</createdTime>
<generatorID>40230C61-C8C2-D522-8D1D-C8E829850F23</generatorID>
<ownerDesignName>Modelo de dados - Carla Ortigoso (RM 97446) - ABC das Finanças</ownerDesignName>
<use>0</use>
<ownDataTypeParameters>,,</ownDataTypeParameters>
<previousColumn>false</previousColumn>
<autoIncrementCycle>false</autoIncrementCycle>
<associations>
<colAssociation fkAssociation="4CDE394C-8BA6-7211-424B-9044E782D541" referredColumn="0398DAEB-1F8D-7459-6159-3F6BC9456D5C"/>
</associations>
</Column>
<Column name="ds_email" id="4F162570-3683-ADE6-B511-A4C66CADEEFD">
<createdBy>carla</createdBy>
<createdTime>2022-11-16 02:34:30 UTC</createdTime>
<generatorID>BD5E8126-FEA5-340E-E392-B1F2495CAF9E</generatorID>
<ownerDesignName>Modelo de dados - Carla Ortigoso (RM 97446) - ABC das Finanças</ownerDesignName>
<use>0</use>
<ownDataTypeParameters>,,</ownDataTypeParameters>
<autoIncrementCycle>false</autoIncrementCycle>
</Column>
<Column name="ds_senha" id="98752C4D-F8C8-4018-E186-84879E0064F3">
<createdBy>carla</createdBy>
<createdTime>2022-11-16 02:34:30 UTC</createdTime>
<generatorID>1F4A2B40-ACBE-BB7F-0507-11CFEB8055F0</generatorID>
<ownerDesignName>Modelo de dados - Carla Ortigoso (RM 97446) - ABC das Finanças</ownerDesignName>
<use>0</use>
<ownDataTypeParameters>,,</ownDataTypeParameters>
<autoIncrementCycle>false</autoIncrementCycle>
</Column>
<Column name="dt_nasc" id="C992A393-EED0-6BB1-4B84-A301CF7AA0F8">
<createdBy>carla</createdBy>
<createdTime>2022-11-16 02:34:30 UTC</createdTime>
<generatorID>E16945CA-5E16-96CB-36E1-13D181EF15CB</generatorID>
<ownerDesignName>Modelo de dados - Carla Ortigoso (RM 97446) - ABC das Finanças</ownerDesignName>
<use>0</use>
<ownDataTypeParameters>,,</ownDataTypeParameters>
<autoIncrementCycle>false</autoIncrementCycle>
</Column>
<Column name="im_perfil" id="EF17545C-84BB-3DBE-8F6A-626159D17975">
<createdBy>carla</createdBy>
<createdTime>2022-11-16 02:34:30 UTC</createdTime>
<generatorID>0E3AD5A9-FA7C-610B-99FD-31A649E99D00</generatorID>
<ownerDesignName>Modelo de dados - Carla Ortigoso (RM 97446) - ABC das Finanças</ownerDesignName>
<nullsAllowed>true</nullsAllowed>
<use>0</use>
<ownDataTypeParameters>,,</ownDataTypeParameters>
<autoIncrementCycle>false</autoIncrementCycle>
</Column>
</columns>
<indexes itemClass="oracle.dbtools.crest.model.design.relational.Index">
<ind_PK_UK id="19B96A36-0931-2F99-C242-50E5F8736705" name="T_USUARIO_PK">
<createdBy>carla</createdBy>
<createdTime>2022-11-16 02:34:30 UTC</createdTime>
<generatorID>4AF820C6-661F-7043-5909-C20708A757E9</generatorID>
<ownerDesignName>Modelo de dados - Carla Ortigoso (RM 97446) - ABC das Finanças</ownerDesignName>
<pk>true</pk>
<indexState>Primary Constraint</indexState>
<isSurrogateKey>false</isSurrogateKey>
<indexColumnUsage>
<colUsage columnID="C14E81DE-BB2E-7F07-102A-9E507EC33119"/>
</indexColumnUsage>
</ind_PK_UK>
<ind_PK_UK id="05D40B89-7368-1A1F-74DC-203F78E2FD26" name="T_USUARIO_T_CELULAR_FK">
<createdBy>carla</createdBy>
<createdTime>2022-11-16 02:34:30 UTC</createdTime>
<generatorID>119ED604-0F8C-5758-66A5-96E37EA5B43F</generatorID>
<ownerDesignName>Modelo de dados - Carla Ortigoso (RM 97446) - ABC das Finanças</ownerDesignName>
<indexState>Foreign Key</indexState>
<isSurrogateKey>false</isSurrogateKey>
<indexColumnUsage>
<colUsage columnID="AFC551A5-CA30-1870-13EB-AAC9C9FC9F2B"/>
</indexColumnUsage>
</ind_PK_UK>
<ind_PK_UK id="4C4BBB49-24C8-D8D0-DEDC-AD60AACB8153" name="T_USUARIO_T_NOME_FK">
<createdBy>carla</createdBy>
<createdTime>2022-11-16 02:34:30 UTC</createdTime>
<generatorID>4EBD8DE9-760B-79ED-77BB-4E68A092ED99</generatorID>
<ownerDesignName>Modelo de dados - Carla Ortigoso (RM 97446) - ABC das Finanças</ownerDesignName>
<indexState>Foreign Key</indexState>
<isSurrogateKey>false</isSurrogateKey>
<indexColumnUsage>
<colUsage columnID="C9A203E5-3F1F-72E4-EC01-D1EC77B855D5"/>
</indexColumnUsage>
</ind_PK_UK>
</indexes>
</Table>