<?xml version = '1.0' encoding = 'UTF-8'?>
<Table class="oracle.dbtools.crest.model.design.relational.Table" directorySegmentName="seg_0" id="1C9F76E5-0A74-0F9F-D2BA-AF69643EE404" name="T_RECEBIMENTO">
<createdBy>carla</createdBy>
<createdTime>2022-11-16 02:34:30 UTC</createdTime>
<generatorID>D5036BBB-17EF-9D5D-1D40-5D3F3495B77F</generatorID>
<ownerDesignName>Modelo de dados - Carla Ortigoso (RM 97446) - ABC das Finanças</ownerDesignName>
<allowColumnReorder>false</allowColumnReorder>
<existDependencyGenerateInDDl>true</existDependencyGenerateInDDl>
<parsed>true</parsed>
<columns itemClass="oracle.dbtools.crest.model.design.relational.Column">
<Column name="T_LANCAMENTO_cd_lcto" id="EBFBE7B8-A329-F09B-B51A-B384E8D4F3DC">
<createdBy>carla</createdBy>
<createdTime>2022-11-16 02:34:30 UTC</createdTime>
<generatorID>33BF8E51-6A65-5CA0-7FA4-8153DDE7AEBB</generatorID>
<ownerDesignName>Modelo de dados - Carla Ortigoso (RM 97446) - ABC das Finanças</ownerDesignName>
<use>0</use>
<ownDataTypeParameters>,,</ownDataTypeParameters>
<previousColumn>false</previousColumn>
<autoIncrementCycle>false</autoIncrementCycle>
<associations>
<colAssociation fkAssociation="8B05A3D1-89FE-268A-C4AB-A7D543A071C1" referredColumn="65EDBBDF-464E-534E-381E-FC80988489B8"/>
</associations>
</Column>
<Column name="ds_origem" id="41AF6498-4604-0CC4-40DA-3E5F9ACEB1E7">
<createdBy>carla</createdBy>
<createdTime>2022-11-16 02:34:30 UTC</createdTime>
<generatorID>3B473882-56F7-2AFB-88CE-7D618D941CEE</generatorID>
<ownerDesignName>Modelo de dados - Carla Ortigoso (RM 97446) - ABC das Finanças</ownerDesignName>
<nullsAllowed>true</nullsAllowed>
<use>0</use>
<ownDataTypeParameters>,,</ownDataTypeParameters>
<autoIncrementCycle>false</autoIncrementCycle>
</Column>
</columns>
<indexes itemClass="oracle.dbtools.crest.model.design.relational.Index">
<ind_PK_UK id="0AC44DB1-B4EF-B3CA-5206-99AD80DACC9C" name="T_RECEBIMENTO_PK">
<createdBy>carla</createdBy>
<createdTime>2022-11-16 02:34:30 UTC</createdTime>
<generatorID>AC1264B1-3954-060C-5058-4FB8ABC05D8F</generatorID>
<ownerDesignName>Modelo de dados - Carla Ortigoso (RM 97446) - ABC das Finanças</ownerDesignName>
<pk>true</pk>
<indexState>Primary Constraint</indexState>
<isSurrogateKey>false</isSurrogateKey>
<indexColumnUsage>
<colUsage columnID="EBFBE7B8-A329-F09B-B51A-B384E8D4F3DC"/>
</indexColumnUsage>
</ind_PK_UK>
<ind_PK_UK id="C658AAB2-4074-26CD-3364-F690512514F8" name="T_RECEBIMENTO_T_LANCAMENTO_FK">
<createdBy>carla</createdBy>
<createdTime>2022-11-16 02:34:30 UTC</createdTime>
<generatorID>DB7F7713-4833-CB12-3CBA-F3C40D2FC653</generatorID>
<ownerDesignName>Modelo de dados - Carla Ortigoso (RM 97446) - ABC das Finanças</ownerDesignName>
<indexState>Foreign Key</indexState>
<isSurrogateKey>false</isSurrogateKey>
<indexColumnUsage>
<colUsage columnID="EBFBE7B8-A329-F09B-B51A-B384E8D4F3DC"/>
</indexColumnUsage>
</ind_PK_UK>
</indexes>
</Table>