<?xml version = '1.0' encoding = 'UTF-8'?>
<Table class="oracle.dbtools.crest.model.design.relational.Table" directorySegmentName="seg_0" id="2DC14A47-1DE8-BADD-5BAB-89880F38687D" name="T_TIPO_CONTA">
<createdBy>carla</createdBy>
<createdTime>2022-11-16 02:34:30 UTC</createdTime>
<generatorID>F164CF09-AB1C-36E5-F730-53AF18398EC8</generatorID>
<ownerDesignName>Modelo de dados - Carla Ortigoso (RM 97446) - ABC das Finanças</ownerDesignName>
<allowColumnReorder>false</allowColumnReorder>
<existDependencyGenerateInDDl>true</existDependencyGenerateInDDl>
<parsed>true</parsed>
<columns itemClass="oracle.dbtools.crest.model.design.relational.Column">
<Column name="cd_tipo_conta" id="8B86032D-605B-9635-E33F-59FE52C49ADF">
<createdBy>carla</createdBy>
<createdTime>2022-11-16 02:34:30 UTC</createdTime>
<generatorID>84B01F25-D418-EA0A-9E82-F3A97484D0C9</generatorID>
<ownerDesignName>Modelo de dados - Carla Ortigoso (RM 97446) - ABC das Finanças</ownerDesignName>
<use>0</use>
<ownDataTypeParameters>,,</ownDataTypeParameters>
<autoIncrementCycle>false</autoIncrementCycle>
</Column>
<Column name="ds_tipo_conta" id="B2A22529-C8FC-B48C-A176-EFC3F47AC404">
<createdBy>carla</createdBy>
<createdTime>2022-11-16 02:34:30 UTC</createdTime>
<generatorID>871E6CF1-103E-1D81-F334-FB47AF86EE41</generatorID>
<ownerDesignName>Modelo de dados - Carla Ortigoso (RM 97446) - ABC das Finanças</ownerDesignName>
<use>0</use>
<ownDataTypeParameters>,,</ownDataTypeParameters>
<autoIncrementCycle>false</autoIncrementCycle>
</Column>
</columns>
<indexes itemClass="oracle.dbtools.crest.model.design.relational.Index">
<ind_PK_UK id="B906ADC8-49C7-530A-0290-8022C6311D2E" name="T_TIPO_CONTA_PK">
<createdBy>carla</createdBy>
<createdTime>2022-11-16 02:34:30 UTC</createdTime>
<generatorID>83FC7DC4-EE93-1577-64A1-8F809D3CDAC2</generatorID>
<ownerDesignName>Modelo de dados - Carla Ortigoso (RM 97446) - ABC das Finanças</ownerDesignName>
<pk>true</pk>
<indexState>Primary Constraint</indexState>
<isSurrogateKey>false</isSurrogateKey>
<indexColumnUsage>
<colUsage columnID="8B86032D-605B-9635-E33F-59FE52C49ADF"/>
</indexColumnUsage>
</ind_PK_UK>
</indexes>
</Table>