<?xml version = '1.0' encoding = 'UTF-8'?>
<Table class="oracle.dbtools.crest.model.design.relational.Table" directorySegmentName="seg_0" id="36EB0203-54EC-291B-F3CF-8E182FEA1EF2" name="T_NOME">
<createdBy>carla</createdBy>
<createdTime>2022-11-16 02:34:30 UTC</createdTime>
<generatorID>52DEDC47-01B2-644F-61D8-0516640B7CFA</generatorID>
<ownerDesignName>Modelo de dados - Carla Ortigoso (RM 97446) - ABC das Finanças</ownerDesignName>
<allowColumnReorder>false</allowColumnReorder>
<existDependencyGenerateInDDl>true</existDependencyGenerateInDDl>
<parsed>true</parsed>
<columns itemClass="oracle.dbtools.crest.model.design.relational.Column">
<Column name="cd_nome" id="49DCF836-E91A-C60B-57AB-4727BA7D466C">
<createdBy>carla</createdBy>
<createdTime>2022-11-16 02:34:30 UTC</createdTime>
<generatorID>3FCCE9B7-7D75-FC7D-EC66-F098046DA275</generatorID>
<ownerDesignName>Modelo de dados - Carla Ortigoso (RM 97446) - ABC das Finanças</ownerDesignName>
<use>0</use>
<ownDataTypeParameters>,,</ownDataTypeParameters>
<autoIncrementCycle>false</autoIncrementCycle>
</Column>
<Column name="ds_primeiro_nome" id="D5087EAD-47BF-2770-3E0D-F4B16C5B2771">
<createdBy>carla</createdBy>
<createdTime>2022-11-16 02:34:30 UTC</createdTime>
<generatorID>73D3FD25-DFAD-BD43-CA84-DBC1AEFB8D7C</generatorID>
<ownerDesignName>Modelo de dados - Carla Ortigoso (RM 97446) - ABC das Finanças</ownerDesignName>
<use>0</use>
<ownDataTypeParameters>,,</ownDataTypeParameters>
<autoIncrementCycle>false</autoIncrementCycle>
</Column>
<Column name="ds_sobrenome" id="5F5FBA6A-262F-98A9-0549-1EA2A7850C50">
<createdBy>carla</createdBy>
<createdTime>2022-11-16 02:34:30 UTC</createdTime>
<generatorID>4D8647DD-79FA-9331-A7FB-CF7101E39122</generatorID>
<ownerDesignName>Modelo de dados - Carla Ortigoso (RM 97446) - ABC das Finanças</ownerDesignName>
<use>0</use>
<ownDataTypeParameters>,,</ownDataTypeParameters>
<autoIncrementCycle>false</autoIncrementCycle>
</Column>
<Column name="ds_apelido" id="B0DD79D1-D354-0CC9-2079-C0473B25A18A">
<createdBy>carla</createdBy>
<createdTime>2022-11-16 02:34:30 UTC</createdTime>
<generatorID>4BF7A4F1-F77D-4A9B-6F51-8D13F9A44E40</generatorID>
<ownerDesignName>Modelo de dados - Carla Ortigoso (RM 97446) - ABC das Finanças</ownerDesignName>
<nullsAllowed>true</nullsAllowed>
<use>0</use>
<ownDataTypeParameters>,,</ownDataTypeParameters>
<autoIncrementCycle>false</autoIncrementCycle>
</Column>
</columns>
<indexes itemClass="oracle.dbtools.crest.model.design.relational.Index">
<ind_PK_UK id="B6ABBFD1-5F9F-BA33-BA1E-96F4191ED6AD" name="T_NOME_PK">
<createdBy>carla</createdBy>
<createdTime>2022-11-16 02:34:30 UTC</createdTime>
<generatorID>AF74DAE3-07EA-8457-A9D4-D084C1E8F133</generatorID>
<ownerDesignName>Modelo de dados - Carla Ortigoso (RM 97446) - ABC das Finanças</ownerDesignName>
<pk>true</pk>
<indexState>Primary Constraint</indexState>
<isSurrogateKey>false</isSurrogateKey>
<indexColumnUsage>
<colUsage columnID="49DCF836-E91A-C60B-57AB-4727BA7D466C"/>
</indexColumnUsage>
</ind_PK_UK>
</indexes>
</Table>