<?xml version = '1.0' encoding = 'UTF-8'?>
<Table class="oracle.dbtools.crest.model.design.relational.Table" directorySegmentName="seg_0" id="5A4FF30E-7AA3-2EEB-55EB-0D40283CBD5C" name="T_GASTO">
<createdBy>carla</createdBy>
<createdTime>2022-11-16 02:34:30 UTC</createdTime>
<generatorID>7B67A42C-FA2B-8086-37E2-35009CA245E1</generatorID>
<ownerDesignName>Modelo de dados - Carla Ortigoso (RM 97446) - ABC das Finanças</ownerDesignName>
<allowColumnReorder>false</allowColumnReorder>
<existDependencyGenerateInDDl>true</existDependencyGenerateInDDl>
<parsed>true</parsed>
<columns itemClass="oracle.dbtools.crest.model.design.relational.Column">
<Column name="T_LANCAMENTO_cd_lcto" id="D539E8E1-4983-3AFB-6539-F9A2D76FB4D7">
<createdBy>carla</createdBy>
<createdTime>2022-11-16 02:34:30 UTC</createdTime>
<generatorID>F80BD93F-F352-B68A-7B24-549880A7B14F</generatorID>
<ownerDesignName>Modelo de dados - Carla Ortigoso (RM 97446) - ABC das Finanças</ownerDesignName>
<use>0</use>
<ownDataTypeParameters>,,</ownDataTypeParameters>
<previousColumn>false</previousColumn>
<autoIncrementCycle>false</autoIncrementCycle>
<associations>
<colAssociation fkAssociation="CF7537B5-D68F-8A9A-0AB8-E1F40BBA1398" referredColumn="65EDBBDF-464E-534E-381E-FC80988489B8"/>
</associations>
</Column>
<Column name="ds_local" id="68E264FD-8602-8B6E-440E-7F7F9F1E6C76">
<createdBy>carla</createdBy>
<createdTime>2022-11-16 02:34:30 UTC</createdTime>
<generatorID>CA97F443-A544-08B2-1908-BF5359027F53</generatorID>
<ownerDesignName>Modelo de dados - Carla Ortigoso (RM 97446) - ABC das Finanças</ownerDesignName>
<nullsAllowed>true</nullsAllowed>
<use>0</use>
<ownDataTypeParameters>,,</ownDataTypeParameters>
<autoIncrementCycle>false</autoIncrementCycle>
</Column>
</columns>
<indexes itemClass="oracle.dbtools.crest.model.design.relational.Index">
<ind_PK_UK id="A54C15D3-AD1E-6A94-7183-2FDAD0297B14" name="T_GASTO_PK">
<createdBy>carla</createdBy>
<createdTime>2022-11-16 02:34:30 UTC</createdTime>
<generatorID>F0B2F85E-51C3-7C4E-ECF7-D80880E6CAB4</generatorID>
<ownerDesignName>Modelo de dados - Carla Ortigoso (RM 97446) - ABC das Finanças</ownerDesignName>
<pk>true</pk>
<indexState>Primary Constraint</indexState>
<isSurrogateKey>false</isSurrogateKey>
<indexColumnUsage>
<colUsage columnID="D539E8E1-4983-3AFB-6539-F9A2D76FB4D7"/>
</indexColumnUsage>
</ind_PK_UK>
<ind_PK_UK id="88B9C24E-9AFC-58ED-3307-3860AC308D30" name="T_GASTO_T_LANCAMENTO_FK">
<createdBy>carla</createdBy>
<createdTime>2022-11-16 02:34:30 UTC</createdTime>
<generatorID>73C271A0-B982-3E52-586E-AFE6704F1EE1</generatorID>
<ownerDesignName>Modelo de dados - Carla Ortigoso (RM 97446) - ABC das Finanças</ownerDesignName>
<indexState>Foreign Key</indexState>
<isSurrogateKey>false</isSurrogateKey>
<indexColumnUsage>
<colUsage columnID="D539E8E1-4983-3AFB-6539-F9A2D76FB4D7"/>
</indexColumnUsage>
</ind_PK_UK>
</indexes>
</Table>