<?xml version = '1.0' encoding = 'UTF-8'?>
<Table class="oracle.dbtools.crest.model.design.relational.Table" directorySegmentName="seg_0" id="7664273A-5CAD-35F5-96BC-16108A2F0477" name="T_PARCELAMENTO">
<createdBy>carla</createdBy>
<createdTime>2022-11-16 02:34:30 UTC</createdTime>
<generatorID>2B327366-1684-2643-7899-28EB2D05298D</generatorID>
<ownerDesignName>Modelo de dados - Carla Ortigoso (RM 97446) - ABC das Finanças</ownerDesignName>
<allowColumnReorder>false</allowColumnReorder>
<existDependencyGenerateInDDl>true</existDependencyGenerateInDDl>
<parsed>true</parsed>
<columns itemClass="oracle.dbtools.crest.model.design.relational.Column">
<Column name="cd_parcelamento" id="62C73F2A-A37D-3C5D-1039-2FB8020FEF66">
<createdBy>carla</createdBy>
<createdTime>2022-11-16 02:34:30 UTC</createdTime>
<generatorID>4698D6E2-7BB9-FBCA-F8FD-DF7F92DC6D28</generatorID>
<ownerDesignName>Modelo de dados - Carla Ortigoso (RM 97446) - ABC das Finanças</ownerDesignName>
<use>0</use>
<ownDataTypeParameters>,,</ownDataTypeParameters>
<autoIncrementCycle>false</autoIncrementCycle>
</Column>
<Column name="qt_parcela" id="42590A37-82A2-640B-2D8B-B4A36799A869">
<createdBy>carla</createdBy>
<createdTime>2022-11-16 02:34:30 UTC</createdTime>
<generatorID>E7F39BD9-3E3C-6D43-AD7C-FB1C55607A23</generatorID>
<ownerDesignName>Modelo de dados - Carla Ortigoso (RM 97446) - ABC das Finanças</ownerDesignName>
<use>0</use>
<ownDataTypeParameters>,,</ownDataTypeParameters>
<autoIncrementCycle>false</autoIncrementCycle>
</Column>
</columns>
<indexes itemClass="oracle.dbtools.crest.model.design.relational.Index">
<ind_PK_UK id="FF819D2E-75C9-0C66-589B-CF4096EE353A" name="T_PARCELAMENTO_PK">
<createdBy>carla</createdBy>
<createdTime>2022-11-16 02:34:30 UTC</createdTime>
<generatorID>A174CF57-4452-B671-ECDC-3F5BFCC8395D</generatorID>
<ownerDesignName>Modelo de dados - Carla Ortigoso (RM 97446) - ABC das Finanças</ownerDesignName>
<pk>true</pk>
<indexState>Primary Constraint</indexState>
<isSurrogateKey>false</isSurrogateKey>
<indexColumnUsage>
<colUsage columnID="62C73F2A-A37D-3C5D-1039-2FB8020FEF66"/>
</indexColumnUsage>
</ind_PK_UK>
</indexes>
</Table>