<?xml version = '1.0' encoding = 'UTF-8'?>
<Table class="oracle.dbtools.crest.model.design.relational.Table" directorySegmentName="seg_0" id="9CFB10A4-C833-46B5-E420-3B4D651B84A9" name="T_CELULAR">
<createdBy>carla</createdBy>
<createdTime>2022-11-16 02:34:29 UTC</createdTime>
<generatorID>F82601C7-F8AB-66C4-F631-8F5D7DAF38C8</generatorID>
<ownerDesignName>Modelo de dados - Carla Ortigoso (RM 97446) - ABC das Finanças</ownerDesignName>
<allowColumnReorder>false</allowColumnReorder>
<existDependencyGenerateInDDl>true</existDependencyGenerateInDDl>
<parsed>true</parsed>
<columns itemClass="oracle.dbtools.crest.model.design.relational.Column">
<Column name="cd_celular" id="0398DAEB-1F8D-7459-6159-3F6BC9456D5C">
<createdBy>carla</createdBy>
<createdTime>2022-11-16 02:34:29 UTC</createdTime>
<generatorID>428DFCC5-0C7E-71F0-FEC7-E57F23E393B7</generatorID>
<ownerDesignName>Modelo de dados - Carla Ortigoso (RM 97446) - ABC das Finanças</ownerDesignName>
<use>0</use>
<ownDataTypeParameters>,,</ownDataTypeParameters>
<autoIncrementCycle>false</autoIncrementCycle>
</Column>
<Column name="nr_ddi" id="0A6DE6DD-2E79-B782-8479-F7EFE8A1ADA9">
<createdBy>carla</createdBy>
<createdTime>2022-11-16 02:34:29 UTC</createdTime>
<generatorID>6DE3802B-D49F-B4E3-D2D1-75E2D917E509</generatorID>
<ownerDesignName>Modelo de dados - Carla Ortigoso (RM 97446) - ABC das Finanças</ownerDesignName>
<use>0</use>
<ownDataTypeParameters>,,</ownDataTypeParameters>
<autoIncrementCycle>false</autoIncrementCycle>
</Column>
<Column name="nr_ddd" id="E63D3208-A03D-7E82-D009-CBF7EA28A5D9">
<createdBy>carla</createdBy>
<createdTime>2022-11-16 02:34:29 UTC</createdTime>
<generatorID>C7CDCB62-EA30-003E-FBAF-7DA43604EAD5</generatorID>
<ownerDesignName>Modelo de dados - Carla Ortigoso (RM 97446) - ABC das Finanças</ownerDesignName>
<use>0</use>
<ownDataTypeParameters>,,</ownDataTypeParameters>
<autoIncrementCycle>false</autoIncrementCycle>
</Column>
<Column name="nr_celular" id="3FC41DA6-6B83-3E79-C11E-6592F1711F92">
<createdBy>carla</createdBy>
<createdTime>2022-11-16 02:34:29 UTC</createdTime>
<generatorID>2F9EDDCB-13EA-C06E-A661-83F5F70BB90E</generatorID>
<ownerDesignName>Modelo de dados - Carla Ortigoso (RM 97446) - ABC das Finanças</ownerDesignName>
<use>0</use>
<ownDataTypeParameters>,,</ownDataTypeParameters>
<autoIncrementCycle>false</autoIncrementCycle>
</Column>
</columns>
<indexes itemClass="oracle.dbtools.crest.model.design.relational.Index">
<ind_PK_UK id="316CC784-40D5-D6FE-1A97-0AFDB7AA33B0" name="T_CELULAR_PK">
<createdBy>carla</createdBy>
<createdTime>2022-11-16 02:34:29 UTC</createdTime>
<generatorID>F5DBDC00-5186-3102-1282-EB488AE1062B</generatorID>
<ownerDesignName>Modelo de dados - Carla Ortigoso (RM 97446) - ABC das Finanças</ownerDesignName>
<pk>true</pk>
<indexState>Primary Constraint</indexState>
<isSurrogateKey>false</isSurrogateKey>
<indexColumnUsage>
<colUsage columnID="0398DAEB-1F8D-7459-6159-3F6BC9456D5C"/>
</indexColumnUsage>
</ind_PK_UK>
</indexes>
</Table>