<?xml version = '1.0' encoding = 'UTF-8'?>
<Table class="oracle.dbtools.crest.model.design.relational.Table" directorySegmentName="seg_0" id="BB22EE9F-D8F0-E58B-934E-D293AB2F7092" name="T_CONTA">
<createdBy>carla</createdBy>
<createdTime>2022-11-16 02:34:30 UTC</createdTime>
<generatorID>45888A3E-77EB-D755-C890-B54419A4D9D8</generatorID>
<ownerDesignName>Modelo de dados - Carla Ortigoso (RM 97446) - ABC das Finanças</ownerDesignName>
<allowColumnReorder>false</allowColumnReorder>
<existDependencyGenerateInDDl>true</existDependencyGenerateInDDl>
<parsed>true</parsed>
<columns itemClass="oracle.dbtools.crest.model.design.relational.Column">
<Column name="cd_conta" id="42CC2A21-C0AB-77F0-0221-4B6568749F9C">
<createdBy>carla</createdBy>
<createdTime>2022-11-16 02:34:30 UTC</createdTime>
<generatorID>F2F362FA-CE5C-99D6-C79D-F59F025B4EB3</generatorID>
<ownerDesignName>Modelo de dados - Carla Ortigoso (RM 97446) - ABC das Finanças</ownerDesignName>
<use>0</use>
<ownDataTypeParameters>,,</ownDataTypeParameters>
<autoIncrementCycle>false</autoIncrementCycle>
</Column>
<Column name="T_USUARIO_cd_usuario" id="E4F215FF-B2CF-6982-8719-58D3C3137BC3">
<createdBy>carla</createdBy>
<createdTime>2022-11-16 02:34:30 UTC</createdTime>
<generatorID>10F1AD02-7B25-5FF7-3D55-BF8397D2C8C0</generatorID>
<ownerDesignName>Modelo de dados - Carla Ortigoso (RM 97446) - ABC das Finanças</ownerDesignName>
<nullsAllowed>true</nullsAllowed>
<use>0</use>
<ownDataTypeParameters>,,</ownDataTypeParameters>
<previousColumn>false</previousColumn>
<autoIncrementCycle>false</autoIncrementCycle>
<associations>
<colAssociation fkAssociation="7E5D1C63-C5CF-73A7-7D0D-D779F2B8F8BC" referredColumn="C14E81DE-BB2E-7F07-102A-9E507EC33119"/>
</associations>
</Column>
<Column name="T_TIPO_CONTA_cd_tipo_conta" id="C7179883-C6E8-2378-B119-B3398CF53565">
<createdBy>carla</createdBy>
<createdTime>2022-11-16 02:34:30 UTC</createdTime>
<generatorID>E85A6DA8-BC5F-D3E8-4AB1-276A2105E068</generatorID>
<ownerDesignName>Modelo de dados - Carla Ortigoso (RM 97446) - ABC das Finanças</ownerDesignName>
<use>0</use>
<ownDataTypeParameters>,,</ownDataTypeParameters>
<previousColumn>false</previousColumn>
<autoIncrementCycle>false</autoIncrementCycle>
<associations>
<colAssociation fkAssociation="181F3D12-9AB5-A693-7EC3-C331DA78CB86" referredColumn="8B86032D-605B-9635-E33F-59FE52C49ADF"/>
</associations>
</Column>
<Column name="nm_conta" id="0B29C4B6-CE83-8A83-C30E-083EB8090A5C">
<createdBy>carla</createdBy>
<createdTime>2022-11-16 02:34:30 UTC</createdTime>
<generatorID>E089BA42-E34C-30AA-950F-B0D3DA2C0D18</generatorID>
<ownerDesignName>Modelo de dados - Carla Ortigoso (RM 97446) - ABC das Finanças</ownerDesignName>
<use>0</use>
<ownDataTypeParameters>,,</ownDataTypeParameters>
<autoIncrementCycle>false</autoIncrementCycle>
</Column>
<Column name="vl_saldo" id="2065BF43-039E-DA66-E25D-B24B0670663F">
<createdBy>carla</createdBy>
<createdTime>2022-11-16 02:34:30 UTC</createdTime>
<generatorID>4864059C-AA93-03C1-38E6-C0922D1AE162</generatorID>
<ownerDesignName>Modelo de dados - Carla Ortigoso (RM 97446) - ABC das Finanças</ownerDesignName>
<use>0</use>
<ownDataTypeParameters>,,</ownDataTypeParameters>
<autoIncrementCycle>false</autoIncrementCycle>
</Column>
<Column name="im_conta" id="55C17763-11A9-6D2F-A499-32F4FA5E2AF3">
<createdBy>carla</createdBy>
<createdTime>2022-11-16 02:34:30 UTC</createdTime>
<generatorID>96FDF13E-B731-F17E-C18A-D4ABF91C5915</generatorID>
<ownerDesignName>Modelo de dados - Carla Ortigoso (RM 97446) - ABC das Finanças</ownerDesignName>
<nullsAllowed>true</nullsAllowed>
<use>0</use>
<ownDataTypeParameters>,,</ownDataTypeParameters>
<autoIncrementCycle>false</autoIncrementCycle>
</Column>
</columns>
<indexes itemClass="oracle.dbtools.crest.model.design.relational.Index">
<ind_PK_UK id="C335EAB6-8B90-62CE-C44B-53C2A7F638E9" name="T_CONTA_PK">
<createdBy>carla</createdBy>
<createdTime>2022-11-16 02:34:30 UTC</createdTime>
<generatorID>D25B8F7C-0EBF-8E1B-9BE9-9053F59AD9D8</generatorID>
<ownerDesignName>Modelo de dados - Carla Ortigoso (RM 97446) - ABC das Finanças</ownerDesignName>
<pk>true</pk>
<indexState>Primary Constraint</indexState>
<isSurrogateKey>false</isSurrogateKey>
<indexColumnUsage>
<colUsage columnID="42CC2A21-C0AB-77F0-0221-4B6568749F9C"/>
</indexColumnUsage>
</ind_PK_UK>
<ind_PK_UK id="BC333C21-EC15-2CF1-C824-3112DCE4BAFA" name="T_CONTA_T_USUARIO_FK">
<createdBy>carla</createdBy>
<createdTime>2022-11-16 02:34:30 UTC</createdTime>
<generatorID>F9E09EE3-3935-3797-AC8D-ADE83D57B320</generatorID>
<ownerDesignName>Modelo de dados - Carla Ortigoso (RM 97446) - ABC das Finanças</ownerDesignName>
<indexState>Foreign Key</indexState>
<isSurrogateKey>false</isSurrogateKey>
<indexColumnUsage>
<colUsage columnID="E4F215FF-B2CF-6982-8719-58D3C3137BC3"/>
</indexColumnUsage>
</ind_PK_UK>
<ind_PK_UK id="B6776D22-A499-3734-4381-8B79DD7140DD" name="T_CONTA_T_TIPO_CONTA_FK">
<createdBy>carla</createdBy>
<createdTime>2022-11-16 02:34:30 UTC</createdTime>
<generatorID>6AAE1A46-872E-B4EA-01E8-3459A64CCB28</generatorID>
<ownerDesignName>Modelo de dados - Carla Ortigoso (RM 97446) - ABC das Finanças</ownerDesignName>
<indexState>Foreign Key</indexState>
<isSurrogateKey>false</isSurrogateKey>
<indexColumnUsage>
<colUsage columnID="C7179883-C6E8-2378-B119-B3398CF53565"/>
</indexColumnUsage>
</ind_PK_UK>
</indexes>
</Table>