<?xml version = '1.0' encoding = 'UTF-8'?>
<Table class="oracle.dbtools.crest.model.design.relational.Table" directorySegmentName="seg_0" id="C079B8D2-891C-D53A-068D-AA853C8A8FA2" name="T_CATEGORIA">
<createdBy>carla</createdBy>
<createdTime>2022-11-16 02:34:29 UTC</createdTime>
<generatorID>A90B67AF-AD4D-7EA0-3F49-4A9D369C6698</generatorID>
<ownerDesignName>Modelo de dados - Carla Ortigoso (RM 97446) - ABC das Finanças</ownerDesignName>
<allowColumnReorder>false</allowColumnReorder>
<existDependencyGenerateInDDl>true</existDependencyGenerateInDDl>
<parsed>true</parsed>
<columns itemClass="oracle.dbtools.crest.model.design.relational.Column">
<Column name="cd_categoria" id="1A4F8652-2C95-49EA-BBDA-42756B36B97E">
<createdBy>carla</createdBy>
<createdTime>2022-11-16 02:34:29 UTC</createdTime>
<generatorID>72CC3798-F9EE-970A-51DB-E9160DF7994C</generatorID>
<ownerDesignName>Modelo de dados - Carla Ortigoso (RM 97446) - ABC das Finanças</ownerDesignName>
<use>0</use>
<ownDataTypeParameters>,,</ownDataTypeParameters>
<autoIncrementCycle>false</autoIncrementCycle>
</Column>
<Column name="nm_categoria" id="C0F5C826-F5AA-C03D-9813-A65430682F77">
<createdBy>carla</createdBy>
<createdTime>2022-11-16 02:34:29 UTC</createdTime>
<generatorID>46E95F2D-77EF-D691-FB37-C2E86CBD3786</generatorID>
<ownerDesignName>Modelo de dados - Carla Ortigoso (RM 97446) - ABC das Finanças</ownerDesignName>
<use>0</use>
<ownDataTypeParameters>,,</ownDataTypeParameters>
<autoIncrementCycle>false</autoIncrementCycle>
</Column>
</columns>
<indexes itemClass="oracle.dbtools.crest.model.design.relational.Index">
<ind_PK_UK id="F5388D31-5366-5D68-925A-405D9F82F91F" name="T_CATEGORIA_PK">
<createdBy>carla</createdBy>
<createdTime>2022-11-16 02:34:29 UTC</createdTime>
<generatorID>1707A904-FC09-FD59-E4C5-8B8CBBED7671</generatorID>
<ownerDesignName>Modelo de dados - Carla Ortigoso (RM 97446) - ABC das Finanças</ownerDesignName>
<pk>true</pk>
<indexState>Primary Constraint</indexState>
<isSurrogateKey>false</isSurrogateKey>
<indexColumnUsage>
<colUsage columnID="1A4F8652-2C95-49EA-BBDA-42756B36B97E"/>
</indexColumnUsage>
</ind_PK_UK>
</indexes>
</Table>