<?xml version = '1.0' encoding = 'UTF-8'?>
<Table class="oracle.dbtools.crest.model.design.relational.Table" directorySegmentName="seg_0" id="D5C62CEA-1107-4DBF-42C4-62E44BA78FC8" name="T_CARTAO_CREDITO">
<createdBy>carla</createdBy>
<createdTime>2022-11-16 02:34:29 UTC</createdTime>
<generatorID>EDBC4673-6BD2-1957-13A1-F56C4C083574</generatorID>
<ownerDesignName>Modelo de dados - Carla Ortigoso (RM 97446) - ABC das Finanças</ownerDesignName>
<allowColumnReorder>false</allowColumnReorder>
<existDependencyGenerateInDDl>true</existDependencyGenerateInDDl>
<parsed>true</parsed>
<columns itemClass="oracle.dbtools.crest.model.design.relational.Column">
<Column name="cd_cartao" id="D27BF37D-91E3-900A-D507-42966750588A">
<createdBy>carla</createdBy>
<createdTime>2022-11-16 02:34:29 UTC</createdTime>
<generatorID>6D926798-EEE2-4080-0E08-6AFA5902954B</generatorID>
<ownerDesignName>Modelo de dados - Carla Ortigoso (RM 97446) - ABC das Finanças</ownerDesignName>
<use>0</use>
<ownDataTypeParameters>,,</ownDataTypeParameters>
<autoIncrementCycle>false</autoIncrementCycle>
</Column>
<Column name="T_CONTA_cd_conta" id="143D1717-D74B-AABF-A00A-8B008D9DCCDA">
<createdBy>carla</createdBy>
<createdTime>2022-11-16 02:34:29 UTC</createdTime>
<generatorID>96328129-7EBD-E3FF-B1B9-B464F80338D7</generatorID>
<ownerDesignName>Modelo de dados - Carla Ortigoso (RM 97446) - ABC das Finanças</ownerDesignName>
<use>0</use>
<ownDataTypeParameters>,,</ownDataTypeParameters>
<previousColumn>false</previousColumn>
<autoIncrementCycle>false</autoIncrementCycle>
<associations>
<colAssociation fkAssociation="DE304E17-9D42-146C-CFF1-CCF5064CD2E7" referredColumn="42CC2A21-C0AB-77F0-0221-4B6568749F9C"/>
</associations>
</Column>
<Column name="T_PARCELAMENTO_cd_parcelamento" id="1C227E34-7316-7E54-73B8-A342F407BB96">
<createdBy>carla</createdBy>
<createdTime>2022-11-16 02:34:29 UTC</createdTime>
<generatorID>D0B2DCE2-028C-AAD8-1561-A5E2957C488E</generatorID>
<ownerDesignName>Modelo de dados - Carla Ortigoso (RM 97446) - ABC das Finanças</ownerDesignName>
<nullsAllowed>true</nullsAllowed>
<use>0</use>
<ownDataTypeParameters>,,</ownDataTypeParameters>
<previousColumn>false</previousColumn>
<autoIncrementCycle>false</autoIncrementCycle>
<associations>
<colAssociation fkAssociation="850A1B83-2A1C-6188-9E54-F0AEFD2A4C6E" referredColumn="62C73F2A-A37D-3C5D-1039-2FB8020FEF66"/>
</associations>
</Column>
<Column name="nm_cartao" id="85680B03-D364-4C88-207C-6B9CE3C36FC3">
<createdBy>carla</createdBy>
<createdTime>2022-11-16 02:34:29 UTC</createdTime>
<generatorID>6006C310-8945-C2CB-0FDF-65CF8F9AF1F2</generatorID>
<ownerDesignName>Modelo de dados - Carla Ortigoso (RM 97446) - ABC das Finanças</ownerDesignName>
<use>0</use>
<ownDataTypeParameters>,,</ownDataTypeParameters>
<autoIncrementCycle>false</autoIncrementCycle>
</Column>
<Column name="dt_venc" id="3CB6A457-F4C1-4988-44B8-202EFA707257">
<createdBy>carla</createdBy>
<createdTime>2022-11-16 02:34:29 UTC</createdTime>
<generatorID>710C0BE5-B2C1-7CFD-A3D4-28F48412CDF4</generatorID>
<ownerDesignName>Modelo de dados - Carla Ortigoso (RM 97446) - ABC das Finanças</ownerDesignName>
<use>0</use>
<ownDataTypeParameters>,,</ownDataTypeParameters>
<autoIncrementCycle>false</autoIncrementCycle>
</Column>
<Column name="dt_fechamento" id="67B81E05-9579-3F8C-08AF-93C526C555B9">
<createdBy>carla</createdBy>
<createdTime>2022-11-16 02:34:29 UTC</createdTime>
<generatorID>6353EC7A-2E2C-B2A2-3ABE-AC60289E96C7</generatorID>
<ownerDesignName>Modelo de dados - Carla Ortigoso (RM 97446) - ABC das Finanças</ownerDesignName>
<use>0</use>
<ownDataTypeParameters>,,</ownDataTypeParameters>
<autoIncrementCycle>false</autoIncrementCycle>
</Column>
<Column name="vl_limite" id="CC4A8479-BA9C-2F01-C712-EC3030CC752C">
<createdBy>carla</createdBy>
<createdTime>2022-11-16 02:34:29 UTC</createdTime>
<generatorID>11B9E796-8921-5D59-4795-965C310A6B3D</generatorID>
<ownerDesignName>Modelo de dados - Carla Ortigoso (RM 97446) - ABC das Finanças</ownerDesignName>
<nullsAllowed>true</nullsAllowed>
<use>0</use>
<ownDataTypeParameters>,,</ownDataTypeParameters>
<autoIncrementCycle>false</autoIncrementCycle>
</Column>
</columns>
<indexes itemClass="oracle.dbtools.crest.model.design.relational.Index">
<ind_PK_UK id="491948CF-9202-E3F0-84AE-CF9F495C871D" name="T_CARTAO_CREDITO_PK">
<createdBy>carla</createdBy>
<createdTime>2022-11-16 02:34:29 UTC</createdTime>
<generatorID>0870E6F8-CE86-C205-35C6-C9BCB4674960</generatorID>
<ownerDesignName>Modelo de dados - Carla Ortigoso (RM 97446) - ABC das Finanças</ownerDesignName>
<pk>true</pk>
<indexState>Primary Constraint</indexState>
<isSurrogateKey>false</isSurrogateKey>
<indexColumnUsage>
<colUsage columnID="D27BF37D-91E3-900A-D507-42966750588A"/>
</indexColumnUsage>
</ind_PK_UK>
<ind_PK_UK id="84075383-2425-99AC-9E85-D9AD4D9E1881" name="T_CARTAO_CREDITO_T_PARCELAMENTO_FK">
<createdBy>carla</createdBy>
<createdTime>2022-11-16 02:34:30 UTC</createdTime>
<generatorID>6712ECF5-5458-C7EC-D4BE-FCF00EC93BC2</generatorID>
<ownerDesignName>Modelo de dados - Carla Ortigoso (RM 97446) - ABC das Finanças</ownerDesignName>
<indexState>Foreign Key</indexState>
<isSurrogateKey>false</isSurrogateKey>
<indexColumnUsage>
<colUsage columnID="1C227E34-7316-7E54-73B8-A342F407BB96"/>
</indexColumnUsage>
</ind_PK_UK>
<ind_PK_UK id="ACCB2778-DAB4-5952-7F12-0BF14A05A87A" name="T_CARTAO_CREDITO_T_CONTA_FK">
<createdBy>carla</createdBy>
<createdTime>2022-11-16 02:34:30 UTC</createdTime>
<generatorID>53518F31-75D6-1C94-A5AD-6432B09A5A1F</generatorID>
<ownerDesignName>Modelo de dados - Carla Ortigoso (RM 97446) - ABC das Finanças</ownerDesignName>
<indexState>Foreign Key</indexState>
<isSurrogateKey>false</isSurrogateKey>
<indexColumnUsage>
<colUsage columnID="143D1717-D74B-AABF-A00A-8B008D9DCCDA"/>
</indexColumnUsage>
</ind_PK_UK>
</indexes>
</Table>