<?xml version = '1.0' encoding = 'UTF-8'?>
<Table class="oracle.dbtools.crest.model.design.relational.Table" directorySegmentName="seg_0" id="DE653BC6-21A8-1934-E87D-D1406E3B22FF" name="T_COMPRA">
<createdBy>carla</createdBy>
<createdTime>2022-11-16 02:34:29 UTC</createdTime>
<generatorID>1D72CD01-2943-B9B3-5D34-0F2D1C0AA060</generatorID>
<ownerDesignName>Modelo de dados - Carla Ortigoso (RM 97446) - ABC das Finanças</ownerDesignName>
<allowColumnReorder>false</allowColumnReorder>
<existDependencyGenerateInDDl>true</existDependencyGenerateInDDl>
<parsed>true</parsed>
<columns itemClass="oracle.dbtools.crest.model.design.relational.Column">
<Column name="cd_compra" id="83A3ABE8-1037-C9AF-5315-668305717A85">
<createdBy>carla</createdBy>
<createdTime>2022-11-16 02:34:30 UTC</createdTime>
<generatorID>E8E93F9D-F43C-7A61-97B4-546BD294D0EF</generatorID>
<ownerDesignName>Modelo de dados - Carla Ortigoso (RM 97446) - ABC das Finanças</ownerDesignName>
<use>0</use>
<ownDataTypeParameters>,,</ownDataTypeParameters>
<autoIncrementCycle>false</autoIncrementCycle>
</Column>
<Column name="T_CARTAO_CREDITO_cd_cartao" id="8D94303F-23AE-97D1-BEFC-D91305442759">
<createdBy>carla</createdBy>
<createdTime>2022-11-16 02:34:30 UTC</createdTime>
<generatorID>B2D1CC6B-F3A3-87DB-6A96-A889039F2089</generatorID>
<ownerDesignName>Modelo de dados - Carla Ortigoso (RM 97446) - ABC das Finanças</ownerDesignName>
<use>0</use>
<ownDataTypeParameters>,,</ownDataTypeParameters>
<previousColumn>false</previousColumn>
<autoIncrementCycle>false</autoIncrementCycle>
<associations>
<colAssociation fkAssociation="DDC5006A-C5F6-D0D8-7BD1-2E2D61213234" referredColumn="D27BF37D-91E3-900A-D507-42966750588A"/>
</associations>
</Column>
<Column name="T_PARCELAMENTO_cd_parcelamento" id="8128CAFA-4FC5-9B0E-9910-A05A21CFC2B1">
<createdBy>carla</createdBy>
<createdTime>2022-11-16 02:34:30 UTC</createdTime>
<generatorID>A3C3C86D-C477-1826-FCEF-1E7ADF924787</generatorID>
<ownerDesignName>Modelo de dados - Carla Ortigoso (RM 97446) - ABC das Finanças</ownerDesignName>
<nullsAllowed>true</nullsAllowed>
<use>0</use>
<ownDataTypeParameters>,,</ownDataTypeParameters>
<previousColumn>false</previousColumn>
<autoIncrementCycle>false</autoIncrementCycle>
<associations>
<colAssociation fkAssociation="65FCE9DA-FD28-B529-FB26-EE612EA41F4F" referredColumn="62C73F2A-A37D-3C5D-1039-2FB8020FEF66"/>
</associations>
</Column>
<Column name="T_CATEGORIA_cd_categoria" id="AD07AA3D-5E3E-ECF3-76C0-0ECBAD099809">
<createdBy>carla</createdBy>
<createdTime>2022-11-16 02:34:30 UTC</createdTime>
<generatorID>2BACFFD9-F540-0264-81E5-A5075D4C1046</generatorID>
<ownerDesignName>Modelo de dados - Carla Ortigoso (RM 97446) - ABC das Finanças</ownerDesignName>
<use>0</use>
<ownDataTypeParameters>,,</ownDataTypeParameters>
<previousColumn>false</previousColumn>
<autoIncrementCycle>false</autoIncrementCycle>
<associations>
<colAssociation fkAssociation="B79195EB-21BB-3A9D-212B-7F4D226BAB6D" referredColumn="1A4F8652-2C95-49EA-BBDA-42756B36B97E"/>
</associations>
</Column>
<Column name="dt_compra" id="2CE923E9-1F71-08FE-B8B5-E79874C95080">
<createdBy>carla</createdBy>
<createdTime>2022-11-16 02:34:30 UTC</createdTime>
<generatorID>DA7BD79D-4AF4-7DC7-CFE7-B3C6FE3D0532</generatorID>
<ownerDesignName>Modelo de dados - Carla Ortigoso (RM 97446) - ABC das Finanças</ownerDesignName>
<use>0</use>
<ownDataTypeParameters>,,</ownDataTypeParameters>
<autoIncrementCycle>false</autoIncrementCycle>
</Column>
<Column name="vl_compra" id="F2CD8981-1832-7E40-154B-B6781E8796C1">
<createdBy>carla</createdBy>
<createdTime>2022-11-16 02:34:30 UTC</createdTime>
<generatorID>51B1D613-B4BB-206B-A1EA-AD29252DDB45</generatorID>
<ownerDesignName>Modelo de dados - Carla Ortigoso (RM 97446) - ABC das Finanças</ownerDesignName>
<use>0</use>
<ownDataTypeParameters>,,</ownDataTypeParameters>
<autoIncrementCycle>false</autoIncrementCycle>
</Column>
<Column name="tx_descricao" id="6118CBA7-E1A6-7372-DBC5-DB244017A30B">
<createdBy>carla</createdBy>
<createdTime>2022-11-16 02:34:30 UTC</createdTime>
<generatorID>37BD79F6-ACC5-E13A-AC10-FE9A8A4B4047</generatorID>
<ownerDesignName>Modelo de dados - Carla Ortigoso (RM 97446) - ABC das Finanças</ownerDesignName>
<use>0</use>
<ownDataTypeParameters>,,</ownDataTypeParameters>
<autoIncrementCycle>false</autoIncrementCycle>
</Column>
<Column name="ds_local" id="D3116F6C-2AF9-AB5C-D8D1-51DF93E9DB60">
<createdBy>carla</createdBy>
<createdTime>2022-11-16 02:34:30 UTC</createdTime>
<generatorID>62166502-79B7-B3AE-08F2-A209A5DD6925</generatorID>
<ownerDesignName>Modelo de dados - Carla Ortigoso (RM 97446) - ABC das Finanças</ownerDesignName>
<nullsAllowed>true</nullsAllowed>
<use>0</use>
<ownDataTypeParameters>,,</ownDataTypeParameters>
<autoIncrementCycle>false</autoIncrementCycle>
</Column>
<Column name="im_compra" id="6A6837A6-5CA0-F259-2957-0C450A5DA250">
<createdBy>carla</createdBy>
<createdTime>2022-11-16 02:34:30 UTC</createdTime>
<generatorID>FA190A93-1F66-0593-8B0B-BCB1C3A63145</generatorID>
<ownerDesignName>Modelo de dados - Carla Ortigoso (RM 97446) - ABC das Finanças</ownerDesignName>
<nullsAllowed>true</nullsAllowed>
<use>0</use>
<ownDataTypeParameters>,,</ownDataTypeParameters>
<autoIncrementCycle>false</autoIncrementCycle>
</Column>
</columns>
<indexes itemClass="oracle.dbtools.crest.model.design.relational.Index">
<ind_PK_UK id="FC26A9EE-FEC3-197C-572D-AFCE698C82F9" name="T_COMPRA_PK">
<createdBy>carla</createdBy>
<createdTime>2022-11-16 02:34:30 UTC</createdTime>
<generatorID>BF8527F6-9339-DD83-D420-14A678FF30E3</generatorID>
<ownerDesignName>Modelo de dados - Carla Ortigoso (RM 97446) - ABC das Finanças</ownerDesignName>
<pk>true</pk>
<indexState>Primary Constraint</indexState>
<isSurrogateKey>false</isSurrogateKey>
<indexColumnUsage>
<colUsage columnID="83A3ABE8-1037-C9AF-5315-668305717A85"/>
</indexColumnUsage>
</ind_PK_UK>
<ind_PK_UK id="DC14910A-1CB8-9B98-DCDA-65D90C7EDDAD" name="T_COMPRA_T_PARCELAMENTO_FK">
<createdBy>carla</createdBy>
<createdTime>2022-11-16 02:34:30 UTC</createdTime>
<generatorID>68860493-C58D-C1FB-2CBF-157D5234F1B8</generatorID>
<ownerDesignName>Modelo de dados - Carla Ortigoso (RM 97446) - ABC das Finanças</ownerDesignName>
<indexState>Foreign Key</indexState>
<isSurrogateKey>false</isSurrogateKey>
<indexColumnUsage>
<colUsage columnID="8128CAFA-4FC5-9B0E-9910-A05A21CFC2B1"/>
</indexColumnUsage>
</ind_PK_UK>
<ind_PK_UK id="222C28C6-CF6C-6333-ED97-DC3D482CA207" name="T_COMPRA_T_CATEGORIA_FK">
<createdBy>carla</createdBy>
<createdTime>2022-11-16 02:34:30 UTC</createdTime>
<generatorID>3F08F9E1-54BA-ABB8-4120-735CE698AE55</generatorID>
<ownerDesignName>Modelo de dados - Carla Ortigoso (RM 97446) - ABC das Finanças</ownerDesignName>
<indexState>Foreign Key</indexState>
<isSurrogateKey>false</isSurrogateKey>
<indexColumnUsage>
<colUsage columnID="AD07AA3D-5E3E-ECF3-76C0-0ECBAD099809"/>
</indexColumnUsage>
</ind_PK_UK>
<ind_PK_UK id="68814026-14EC-2BDF-35A1-CD470A617011" name="T_COMPRA_T_CARTAO_CREDITO_FK">
<createdBy>carla</createdBy>
<createdTime>2022-11-16 02:34:30 UTC</createdTime>
<generatorID>2C35DEEF-8CBE-FBF8-4D47-1BC9138E9611</generatorID>
<ownerDesignName>Modelo de dados - Carla Ortigoso (RM 97446) - ABC das Finanças</ownerDesignName>
<indexState>Foreign Key</indexState>
<isSurrogateKey>false</isSurrogateKey>
<indexColumnUsage>
<colUsage columnID="8D94303F-23AE-97D1-BEFC-D91305442759"/>
</indexColumnUsage>
</ind_PK_UK>
</indexes>
</Table>