<?xml version = '1.0' encoding = 'UTF-8'?>
<Table class="oracle.dbtools.crest.model.design.relational.Table" directorySegmentName="seg_0" id="DF526C4D-1AC8-10A6-FE50-242160A1DAB4" name="T_LANCAMENTO">
<createdBy>carla</createdBy>
<createdTime>2022-11-16 02:34:30 UTC</createdTime>
<generatorID>22BBF390-D751-0A92-54AB-5AD7B280D052</generatorID>
<ownerDesignName>Modelo de dados - Carla Ortigoso (RM 97446) - ABC das Finanças</ownerDesignName>
<allowColumnReorder>false</allowColumnReorder>
<existDependencyGenerateInDDl>true</existDependencyGenerateInDDl>
<parsed>true</parsed>
<columns itemClass="oracle.dbtools.crest.model.design.relational.Column">
<Column name="cd_lcto" id="65EDBBDF-464E-534E-381E-FC80988489B8">
<createdBy>carla</createdBy>
<createdTime>2022-11-16 02:34:30 UTC</createdTime>
<generatorID>2D1E10DC-972B-8073-32E9-4A42606A7282</generatorID>
<ownerDesignName>Modelo de dados - Carla Ortigoso (RM 97446) - ABC das Finanças</ownerDesignName>
<use>0</use>
<ownDataTypeParameters>,,</ownDataTypeParameters>
<autoIncrementCycle>false</autoIncrementCycle>
</Column>
<Column name="T_CONTA_cd_conta" id="6447C1FC-FAE5-F17C-760A-856209C94EAC">
<createdBy>carla</createdBy>
<createdTime>2022-11-16 02:34:30 UTC</createdTime>
<generatorID>2AD7E6EA-43D6-6C97-A28F-B0990439EDB7</generatorID>
<ownerDesignName>Modelo de dados - Carla Ortigoso (RM 97446) - ABC das Finanças</ownerDesignName>
<use>0</use>
<ownDataTypeParameters>,,</ownDataTypeParameters>
<previousColumn>false</previousColumn>
<autoIncrementCycle>false</autoIncrementCycle>
<associations>
<colAssociation fkAssociation="212FC51A-EA8D-A5D5-7B4F-E29FF61A18B6" referredColumn="42CC2A21-C0AB-77F0-0221-4B6568749F9C"/>
</associations>
</Column>
<Column name="T_CATEGORIA_cd_categoria" id="7AE3D6A6-41BB-7F33-409D-47BA050D89D9">
<createdBy>carla</createdBy>
<createdTime>2022-11-16 02:34:30 UTC</createdTime>
<generatorID>8635563A-0FCF-6831-5F6E-20D0ED20A854</generatorID>
<ownerDesignName>Modelo de dados - Carla Ortigoso (RM 97446) - ABC das Finanças</ownerDesignName>
<use>0</use>
<ownDataTypeParameters>,,</ownDataTypeParameters>
<previousColumn>false</previousColumn>
<autoIncrementCycle>false</autoIncrementCycle>
<associations>
<colAssociation fkAssociation="2AC6508E-418B-EE04-D51D-2DF940248AEA" referredColumn="1A4F8652-2C95-49EA-BBDA-42756B36B97E"/>
</associations>
</Column>
<Column name="dt_lcto" id="CA21EEE8-2EE1-6555-6D04-1FDC70B1EA21">
<createdBy>carla</createdBy>
<createdTime>2022-11-16 02:34:30 UTC</createdTime>
<generatorID>FF8C396E-5E07-CD0C-9879-D26DFFDB6555</generatorID>
<ownerDesignName>Modelo de dados - Carla Ortigoso (RM 97446) - ABC das Finanças</ownerDesignName>
<use>0</use>
<ownDataTypeParameters>,,</ownDataTypeParameters>
<autoIncrementCycle>false</autoIncrementCycle>
</Column>
<Column name="vl_lcto" id="3440815D-20D4-E3DB-E999-C12B6462E07A">
<createdBy>carla</createdBy>
<createdTime>2022-11-16 02:34:30 UTC</createdTime>
<generatorID>F2249158-4056-328E-F471-748CCFF1851A</generatorID>
<ownerDesignName>Modelo de dados - Carla Ortigoso (RM 97446) - ABC das Finanças</ownerDesignName>
<use>0</use>
<ownDataTypeParameters>,,</ownDataTypeParameters>
<autoIncrementCycle>false</autoIncrementCycle>
</Column>
<Column name="tx_descricao" id="56453A3A-2E44-4237-A647-D422D8FBD043">
<createdBy>carla</createdBy>
<createdTime>2022-11-16 02:34:30 UTC</createdTime>
<generatorID>C040BBDD-5CE6-B31B-0F31-3C0EC80EFF15</generatorID>
<ownerDesignName>Modelo de dados - Carla Ortigoso (RM 97446) - ABC das Finanças</ownerDesignName>
<use>0</use>
<ownDataTypeParameters>,,</ownDataTypeParameters>
<autoIncrementCycle>false</autoIncrementCycle>
</Column>
<Column name="im_lcto" id="BD8DF93F-BEDE-9680-1027-1114DF0E48D0">
<createdBy>carla</createdBy>
<createdTime>2022-11-16 02:34:30 UTC</createdTime>
<generatorID>73BD0C0C-7B43-376C-3452-27984523CB4F</generatorID>
<ownerDesignName>Modelo de dados - Carla Ortigoso (RM 97446) - ABC das Finanças</ownerDesignName>
<nullsAllowed>true</nullsAllowed>
<use>0</use>
<ownDataTypeParameters>,,</ownDataTypeParameters>
<autoIncrementCycle>false</autoIncrementCycle>
</Column>
</columns>
<indexes itemClass="oracle.dbtools.crest.model.design.relational.Index">
<ind_PK_UK id="4E78630D-C802-0833-66AD-C21E3A4D03C2" name="T_LANCAMENTO_PK">
<createdBy>carla</createdBy>
<createdTime>2022-11-16 02:34:30 UTC</createdTime>
<generatorID>58097AC7-08DB-C5E1-DE68-1AE86B464E12</generatorID>
<ownerDesignName>Modelo de dados - Carla Ortigoso (RM 97446) - ABC das Finanças</ownerDesignName>
<pk>true</pk>
<indexState>Primary Constraint</indexState>
<isSurrogateKey>false</isSurrogateKey>
<indexColumnUsage>
<colUsage columnID="65EDBBDF-464E-534E-381E-FC80988489B8"/>
</indexColumnUsage>
</ind_PK_UK>
<ind_PK_UK id="2A985527-DD26-DC82-D457-7D82A0BBBB15" name="T_LANCAMENTO_T_CATEGORIA_FK">
<createdBy>carla</createdBy>
<createdTime>2022-11-16 02:34:30 UTC</createdTime>
<generatorID>3993B90B-75A7-31E7-B386-71CDD0A60D4A</generatorID>
<ownerDesignName>Modelo de dados - Carla Ortigoso (RM 97446) - ABC das Finanças</ownerDesignName>
<indexState>Foreign Key</indexState>
<isSurrogateKey>false</isSurrogateKey>
<indexColumnUsage>
<colUsage columnID="7AE3D6A6-41BB-7F33-409D-47BA050D89D9"/>
</indexColumnUsage>
</ind_PK_UK>
<ind_PK_UK id="837AB5D1-44F9-D48D-5598-F33330CE670C" name="T_LANCAMENTO_T_CONTA_FK">
<createdBy>carla</createdBy>
<createdTime>2022-11-16 02:34:30 UTC</createdTime>
<generatorID>5DB26ECD-E6AC-1C33-523D-BB0CD5137961</generatorID>
<ownerDesignName>Modelo de dados - Carla Ortigoso (RM 97446) - ABC das Finanças</ownerDesignName>
<indexState>Foreign Key</indexState>
<isSurrogateKey>false</isSurrogateKey>
<indexColumnUsage>
<colUsage columnID="6447C1FC-FAE5-F17C-760A-856209C94EAC"/>
</indexColumnUsage>
</ind_PK_UK>
</indexes>
</Table>