<?xml version = '1.0' encoding = 'UTF-8'?>
<Entity class="oracle.dbtools.crest.model.design.logical.Entity" directorySegmentName="seg_0" id="1D72CD01-2943-B9B3-5D34-0F2D1C0AA060" name="T_COMPRA">
<createdBy>carla</createdBy>
<createdTime>2022-11-16 02:13:08 UTC</createdTime>
<ownerDesignName>Modelo de dados - Carla Ortigoso (RM 97446) - ABC das Finanças</ownerDesignName>
<engineerTo>
<item key="2E2CA6BE-B845-4540-4FA2-C937B9BE950C" value="true"/>
</engineerTo>
<adequatelyNormalized>NO</adequatelyNormalized>
<expectedVolumes>0</expectedVolumes>
<fwdEngineeringStrategyName>Single Table</fwdEngineeringStrategyName>
<growthPercent>0</growthPercent>
<growthType>Year</growthType>
<maxVolumes>9999999</maxVolumes>
<minVolumes>0</minVolumes>
<normalForm>Third</normalForm>
<attributes itemClass="oracle.dbtools.crest.model.design.logical.Attribute">
<Attribute name="cd_compra" id="E8E93F9D-F43C-7A61-97B4-546BD294D0EF">
<createdBy>carla</createdBy>
<createdTime>2022-11-16 02:13:26 UTC</createdTime>
<ownerDesignName>Modelo de dados - Carla Ortigoso (RM 97446) - ABC das Finanças</ownerDesignName>
<engineerTo>
<item key="2E2CA6BE-B845-4540-4FA2-C937B9BE950C" value="true"/>
</engineerTo>
<use>0</use>
<ownDataTypeParameters>,,</ownDataTypeParameters>
</Attribute>
<Attribute name="cd_cartao" id="B2D1CC6B-F3A3-87DB-6A96-A889039F2089">
<createdBy>carla</createdBy>
<createdTime>2022-11-16 02:16:31 UTC</createdTime>
<generatorID>2C35DEEF-8CBE-FBF8-4D47-1BC9138E9611</generatorID>
<ownerDesignName>Modelo de dados - Carla Ortigoso (RM 97446) - ABC das Finanças</ownerDesignName>
<engineerTo>
<item key="2E2CA6BE-B845-4540-4FA2-C937B9BE950C" value="true"/>
</engineerTo>
<referedAttribute>6D926798-EEE2-4080-0E08-6AFA5902954B</referedAttribute>
<use>0</use>
<ownDataTypeParameters>,,</ownDataTypeParameters>
</Attribute>
<Attribute name="cd_parcelamento" id="A3C3C86D-C477-1826-FCEF-1E7ADF924787">
<createdBy>carla</createdBy>
<createdTime>2022-11-16 02:31:57 UTC</createdTime>
<generatorID>68860493-C58D-C1FB-2CBF-157D5234F1B8</generatorID>
<ownerDesignName>Modelo de dados - Carla Ortigoso (RM 97446) - ABC das Finanças</ownerDesignName>
<engineerTo>
<item key="2E2CA6BE-B845-4540-4FA2-C937B9BE950C" value="true"/>
</engineerTo>
<nullsAllowed>true</nullsAllowed>
<referedAttribute>4698D6E2-7BB9-FBCA-F8FD-DF7F92DC6D28</referedAttribute>
<use>0</use>
<ownDataTypeParameters>,,</ownDataTypeParameters>
</Attribute>
<Attribute name="cd_categoria" id="2BACFFD9-F540-0264-81E5-A5075D4C1046">
<createdBy>carla</createdBy>
<createdTime>2022-11-16 02:32:09 UTC</createdTime>
<generatorID>3F08F9E1-54BA-ABB8-4120-735CE698AE55</generatorID>
<ownerDesignName>Modelo de dados - Carla Ortigoso (RM 97446) - ABC das Finanças</ownerDesignName>
<engineerTo>
<item key="2E2CA6BE-B845-4540-4FA2-C937B9BE950C" value="true"/>
</engineerTo>
<referedAttribute>72CC3798-F9EE-970A-51DB-E9160DF7994C</referedAttribute>
<use>0</use>
<ownDataTypeParameters>,,</ownDataTypeParameters>
</Attribute>
<Attribute name="dt_compra" id="DA7BD79D-4AF4-7DC7-CFE7-B3C6FE3D0532">
<createdBy>carla</createdBy>
<createdTime>2022-11-16 02:13:38 UTC</createdTime>
<ownerDesignName>Modelo de dados - Carla Ortigoso (RM 97446) - ABC das Finanças</ownerDesignName>
<engineerTo>
<item key="2E2CA6BE-B845-4540-4FA2-C937B9BE950C" value="true"/>
</engineerTo>
<use>0</use>
<ownDataTypeParameters>,,</ownDataTypeParameters>
</Attribute>
<Attribute name="vl_compra" id="51B1D613-B4BB-206B-A1EA-AD29252DDB45">
<createdBy>carla</createdBy>
<createdTime>2022-11-16 02:13:47 UTC</createdTime>
<ownerDesignName>Modelo de dados - Carla Ortigoso (RM 97446) - ABC das Finanças</ownerDesignName>
<engineerTo>
<item key="2E2CA6BE-B845-4540-4FA2-C937B9BE950C" value="true"/>
</engineerTo>
<use>0</use>
<ownDataTypeParameters>,,</ownDataTypeParameters>
</Attribute>
<Attribute name="tx_descricao" id="37BD79F6-ACC5-E13A-AC10-FE9A8A4B4047">
<createdBy>carla</createdBy>
<createdTime>2022-11-16 02:14:07 UTC</createdTime>
<ownerDesignName>Modelo de dados - Carla Ortigoso (RM 97446) - ABC das Finanças</ownerDesignName>
<engineerTo>
<item key="2E2CA6BE-B845-4540-4FA2-C937B9BE950C" value="true"/>
</engineerTo>
<use>0</use>
<ownDataTypeParameters>,,</ownDataTypeParameters>
</Attribute>
<Attribute name="ds_local" id="62166502-79B7-B3AE-08F2-A209A5DD6925">
<createdBy>carla</createdBy>
<createdTime>2022-11-16 02:13:54 UTC</createdTime>
<ownerDesignName>Modelo de dados - Carla Ortigoso (RM 97446) - ABC das Finanças</ownerDesignName>
<engineerTo>
<item key="2E2CA6BE-B845-4540-4FA2-C937B9BE950C" value="true"/>
</engineerTo>
<nullsAllowed>true</nullsAllowed>
<use>0</use>
<ownDataTypeParameters>,,</ownDataTypeParameters>
</Attribute>
<Attribute name="im_compra" id="FA190A93-1F66-0593-8B0B-BCB1C3A63145">
<createdBy>carla</createdBy>
<createdTime>2022-11-16 02:14:18 UTC</createdTime>
<ownerDesignName>Modelo de dados - Carla Ortigoso (RM 97446) - ABC das Finanças</ownerDesignName>
<engineerTo>
<item key="2E2CA6BE-B845-4540-4FA2-C937B9BE950C" value="true"/>
</engineerTo>
<nullsAllowed>true</nullsAllowed>
<use>0</use>
<ownDataTypeParameters>,,</ownDataTypeParameters>
</Attribute>
</attributes>
<identifiers itemClass="oracle.dbtools.crest.model.design.logical.CandidateKey">
<identifier id="BF8527F6-9339-DD83-D420-14A678FF30E3" name="T_COMPRA PK">
<createdBy>carla</createdBy>
<createdTime>2022-11-16 02:13:37 UTC</createdTime>
<ownerDesignName>Modelo de dados - Carla Ortigoso (RM 97446) - ABC das Finanças</ownerDesignName>
<engineerTo>
<item key="2E2CA6BE-B845-4540-4FA2-C937B9BE950C" value="true"/>
</engineerTo>
<pk>true</pk>
<usedAttributes>
<attributeRef>E8E93F9D-F43C-7A61-97B4-546BD294D0EF</attributeRef>
</usedAttributes>
</identifier>
</identifiers>
</Entity>