<?xml version = '1.0' encoding = 'UTF-8'?>
<Entity class="oracle.dbtools.crest.model.design.logical.Entity" directorySegmentName="seg_0" id="22BBF390-D751-0A92-54AB-5AD7B280D052" name="T_LANCAMENTO">
<createdBy>carla</createdBy>
<createdTime>2022-11-16 02:08:02 UTC</createdTime>
<ownerDesignName>Modelo de dados - Carla Ortigoso (RM 97446) - ABC das Finanças</ownerDesignName>
<engineerTo>
<item key="2E2CA6BE-B845-4540-4FA2-C937B9BE950C" value="true"/>
</engineerTo>
<adequatelyNormalized>NO</adequatelyNormalized>
<expectedVolumes>0</expectedVolumes>
<fwdEngineeringStrategyName>Single Table</fwdEngineeringStrategyName>
<growthPercent>0</growthPercent>
<growthType>Year</growthType>
<maxVolumes>9999999</maxVolumes>
<minVolumes>0</minVolumes>
<normalForm>Third</normalForm>
<attributes itemClass="oracle.dbtools.crest.model.design.logical.Attribute">
<Attribute name="cd_lcto" id="2D1E10DC-972B-8073-32E9-4A42606A7282">
<createdBy>carla</createdBy>
<createdTime>2022-11-16 02:08:10 UTC</createdTime>
<ownerDesignName>Modelo de dados - Carla Ortigoso (RM 97446) - ABC das Finanças</ownerDesignName>
<engineerTo>
<item key="2E2CA6BE-B845-4540-4FA2-C937B9BE950C" value="true"/>
</engineerTo>
<use>0</use>
<ownDataTypeParameters>,,</ownDataTypeParameters>
</Attribute>
<Attribute name="cd_conta" id="2AD7E6EA-43D6-6C97-A28F-B0990439EDB7">
<createdBy>carla</createdBy>
<createdTime>2022-11-16 02:09:44 UTC</createdTime>
<generatorID>5DB26ECD-E6AC-1C33-523D-BB0CD5137961</generatorID>
<ownerDesignName>Modelo de dados - Carla Ortigoso (RM 97446) - ABC das Finanças</ownerDesignName>
<engineerTo>
<item key="2E2CA6BE-B845-4540-4FA2-C937B9BE950C" value="true"/>
</engineerTo>
<referedAttribute>F2F362FA-CE5C-99D6-C79D-F59F025B4EB3</referedAttribute>
<use>0</use>
<ownDataTypeParameters>,,</ownDataTypeParameters>
</Attribute>
<Attribute name="cd_categoria" id="8635563A-0FCF-6831-5F6E-20D0ED20A854">
<createdBy>carla</createdBy>
<createdTime>2022-11-16 02:32:09 UTC</createdTime>
<generatorID>3993B90B-75A7-31E7-B386-71CDD0A60D4A</generatorID>
<ownerDesignName>Modelo de dados - Carla Ortigoso (RM 97446) - ABC das Finanças</ownerDesignName>
<engineerTo>
<item key="2E2CA6BE-B845-4540-4FA2-C937B9BE950C" value="true"/>
</engineerTo>
<referedAttribute>72CC3798-F9EE-970A-51DB-E9160DF7994C</referedAttribute>
<use>0</use>
<ownDataTypeParameters>,,</ownDataTypeParameters>
</Attribute>
<Attribute name="dt_lcto" id="FF8C396E-5E07-CD0C-9879-D26DFFDB6555">
<createdBy>carla</createdBy>
<createdTime>2022-11-16 02:08:18 UTC</createdTime>
<ownerDesignName>Modelo de dados - Carla Ortigoso (RM 97446) - ABC das Finanças</ownerDesignName>
<engineerTo>
<item key="2E2CA6BE-B845-4540-4FA2-C937B9BE950C" value="true"/>
</engineerTo>
<use>0</use>
<ownDataTypeParameters>,,</ownDataTypeParameters>
</Attribute>
<Attribute name="vl_lcto" id="F2249158-4056-328E-F471-748CCFF1851A">
<createdBy>carla</createdBy>
<createdTime>2022-11-16 02:08:26 UTC</createdTime>
<ownerDesignName>Modelo de dados - Carla Ortigoso (RM 97446) - ABC das Finanças</ownerDesignName>
<engineerTo>
<item key="2E2CA6BE-B845-4540-4FA2-C937B9BE950C" value="true"/>
</engineerTo>
<use>0</use>
<ownDataTypeParameters>,,</ownDataTypeParameters>
</Attribute>
<Attribute name="tx_descricao" id="C040BBDD-5CE6-B31B-0F31-3C0EC80EFF15">
<createdBy>carla</createdBy>
<createdTime>2022-11-16 02:08:37 UTC</createdTime>
<ownerDesignName>Modelo de dados - Carla Ortigoso (RM 97446) - ABC das Finanças</ownerDesignName>
<engineerTo>
<item key="2E2CA6BE-B845-4540-4FA2-C937B9BE950C" value="true"/>
</engineerTo>
<use>0</use>
<ownDataTypeParameters>,,</ownDataTypeParameters>
</Attribute>
<Attribute name="im_lcto" id="73BD0C0C-7B43-376C-3452-27984523CB4F">
<createdBy>carla</createdBy>
<createdTime>2022-11-16 02:09:01 UTC</createdTime>
<ownerDesignName>Modelo de dados - Carla Ortigoso (RM 97446) - ABC das Finanças</ownerDesignName>
<engineerTo>
<item key="2E2CA6BE-B845-4540-4FA2-C937B9BE950C" value="true"/>
</engineerTo>
<nullsAllowed>true</nullsAllowed>
<use>0</use>
<ownDataTypeParameters>,,</ownDataTypeParameters>
</Attribute>
</attributes>
<identifiers itemClass="oracle.dbtools.crest.model.design.logical.CandidateKey">
<identifier id="58097AC7-08DB-C5E1-DE68-1AE86B464E12" name="T_LANCAMENTO PK">
<createdBy>carla</createdBy>
<createdTime>2022-11-16 02:08:17 UTC</createdTime>
<ownerDesignName>Modelo de dados - Carla Ortigoso (RM 97446) - ABC das Finanças</ownerDesignName>
<engineerTo>
<item key="2E2CA6BE-B845-4540-4FA2-C937B9BE950C" value="true"/>
</engineerTo>
<pk>true</pk>
<usedAttributes>
<attributeRef>2D1E10DC-972B-8073-32E9-4A42606A7282</attributeRef>
</usedAttributes>
</identifier>
</identifiers>
</Entity>