<?xml version = '1.0' encoding = 'UTF-8'?>
<Entity class="oracle.dbtools.crest.model.design.logical.Entity" directorySegmentName="seg_0" id="27426A06-96CF-C269-88FE-F73ECB59BD4E" name="T_USUARIO">
<createdBy>carla</createdBy>
<createdTime>2022-11-16 01:59:48 UTC</createdTime>
<ownerDesignName>Modelo de dados - Carla Ortigoso (RM 97446) - ABC das Finanças</ownerDesignName>
<engineerTo>
<item key="2E2CA6BE-B845-4540-4FA2-C937B9BE950C" value="true"/>
</engineerTo>
<adequatelyNormalized>NO</adequatelyNormalized>
<expectedVolumes>0</expectedVolumes>
<fwdEngineeringStrategyName>Single Table</fwdEngineeringStrategyName>
<growthPercent>0</growthPercent>
<growthType>Year</growthType>
<maxVolumes>9999999</maxVolumes>
<minVolumes>0</minVolumes>
<normalForm>Third</normalForm>
<attributes itemClass="oracle.dbtools.crest.model.design.logical.Attribute">
<Attribute name="cd_usuario" id="0CA14F4D-49E9-DC51-E08A-77E6788CB812">
<createdBy>carla</createdBy>
<createdTime>2022-11-16 01:59:55 UTC</createdTime>
<ownerDesignName>Modelo de dados - Carla Ortigoso (RM 97446) - ABC das Finanças</ownerDesignName>
<engineerTo>
<item key="2E2CA6BE-B845-4540-4FA2-C937B9BE950C" value="true"/>
</engineerTo>
<use>0</use>
<ownDataTypeParameters>,,</ownDataTypeParameters>
</Attribute>
<Attribute name="cd_nome" id="9D70F38A-3ED0-4329-D608-469C09FF79F0">
<createdBy>carla</createdBy>
<createdTime>2022-11-16 02:00:56 UTC</createdTime>
<generatorID>4EBD8DE9-760B-79ED-77BB-4E68A092ED99</generatorID>
<ownerDesignName>Modelo de dados - Carla Ortigoso (RM 97446) - ABC das Finanças</ownerDesignName>
<engineerTo>
<item key="2E2CA6BE-B845-4540-4FA2-C937B9BE950C" value="true"/>
</engineerTo>
<referedAttribute>3FCCE9B7-7D75-FC7D-EC66-F098046DA275</referedAttribute>
<use>0</use>
<ownDataTypeParameters>,,</ownDataTypeParameters>
</Attribute>
<Attribute name="cd_celular" id="40230C61-C8C2-D522-8D1D-C8E829850F23">
<createdBy>carla</createdBy>
<createdTime>2022-11-16 02:02:33 UTC</createdTime>
<generatorID>119ED604-0F8C-5758-66A5-96E37EA5B43F</generatorID>
<ownerDesignName>Modelo de dados - Carla Ortigoso (RM 97446) - ABC das Finanças</ownerDesignName>
<engineerTo>
<item key="2E2CA6BE-B845-4540-4FA2-C937B9BE950C" value="true"/>
</engineerTo>
<referedAttribute>428DFCC5-0C7E-71F0-FEC7-E57F23E393B7</referedAttribute>
<use>0</use>
<ownDataTypeParameters>,,</ownDataTypeParameters>
</Attribute>
<Attribute name="ds_email" id="BD5E8126-FEA5-340E-E392-B1F2495CAF9E">
<createdBy>carla</createdBy>
<createdTime>2022-11-16 02:00:01 UTC</createdTime>
<ownerDesignName>Modelo de dados - Carla Ortigoso (RM 97446) - ABC das Finanças</ownerDesignName>
<engineerTo>
<item key="2E2CA6BE-B845-4540-4FA2-C937B9BE950C" value="true"/>
</engineerTo>
<use>0</use>
<ownDataTypeParameters>,,</ownDataTypeParameters>
</Attribute>
<Attribute name="ds_senha" id="1F4A2B40-ACBE-BB7F-0507-11CFEB8055F0">
<createdBy>carla</createdBy>
<createdTime>2022-11-16 02:00:14 UTC</createdTime>
<ownerDesignName>Modelo de dados - Carla Ortigoso (RM 97446) - ABC das Finanças</ownerDesignName>
<engineerTo>
<item key="2E2CA6BE-B845-4540-4FA2-C937B9BE950C" value="true"/>
</engineerTo>
<use>0</use>
<ownDataTypeParameters>,,</ownDataTypeParameters>
</Attribute>
<Attribute name="dt_nasc" id="E16945CA-5E16-96CB-36E1-13D181EF15CB">
<createdBy>carla</createdBy>
<createdTime>2022-11-16 02:00:22 UTC</createdTime>
<ownerDesignName>Modelo de dados - Carla Ortigoso (RM 97446) - ABC das Finanças</ownerDesignName>
<engineerTo>
<item key="2E2CA6BE-B845-4540-4FA2-C937B9BE950C" value="true"/>
</engineerTo>
<use>0</use>
<ownDataTypeParameters>,,</ownDataTypeParameters>
</Attribute>
<Attribute name="im_perfil" id="0E3AD5A9-FA7C-610B-99FD-31A649E99D00">
<createdBy>carla</createdBy>
<createdTime>2022-11-16 02:00:30 UTC</createdTime>
<ownerDesignName>Modelo de dados - Carla Ortigoso (RM 97446) - ABC das Finanças</ownerDesignName>
<engineerTo>
<item key="2E2CA6BE-B845-4540-4FA2-C937B9BE950C" value="true"/>
</engineerTo>
<nullsAllowed>true</nullsAllowed>
<use>0</use>
<ownDataTypeParameters>,,</ownDataTypeParameters>
</Attribute>
</attributes>
<identifiers itemClass="oracle.dbtools.crest.model.design.logical.CandidateKey">
<identifier id="4AF820C6-661F-7043-5909-C20708A757E9" name="T_USUARIO PK">
<createdBy>carla</createdBy>
<createdTime>2022-11-16 02:00:00 UTC</createdTime>
<ownerDesignName>Modelo de dados - Carla Ortigoso (RM 97446) - ABC das Finanças</ownerDesignName>
<engineerTo>
<item key="2E2CA6BE-B845-4540-4FA2-C937B9BE950C" value="true"/>
</engineerTo>
<pk>true</pk>
<usedAttributes>
<attributeRef>0CA14F4D-49E9-DC51-E08A-77E6788CB812</attributeRef>
</usedAttributes>
</identifier>
</identifiers>
</Entity>