<?xml version = '1.0' encoding = 'UTF-8'?>
<Entity class="oracle.dbtools.crest.model.design.logical.Entity" directorySegmentName="seg_0" id="2B327366-1684-2643-7899-28EB2D05298D" name="T_PARCELAMENTO">
<createdBy>carla</createdBy>
<createdTime>2022-11-16 02:14:45 UTC</createdTime>
<ownerDesignName>Modelo de dados - Carla Ortigoso (RM 97446) - ABC das Finanças</ownerDesignName>
<engineerTo>
<item key="2E2CA6BE-B845-4540-4FA2-C937B9BE950C" value="true"/>
</engineerTo>
<adequatelyNormalized>NO</adequatelyNormalized>
<expectedVolumes>0</expectedVolumes>
<fwdEngineeringStrategyName>Single Table</fwdEngineeringStrategyName>
<growthPercent>0</growthPercent>
<growthType>Year</growthType>
<maxVolumes>9999999</maxVolumes>
<minVolumes>0</minVolumes>
<normalForm>Third</normalForm>
<attributes itemClass="oracle.dbtools.crest.model.design.logical.Attribute">
<Attribute name="cd_parcelamento" id="4698D6E2-7BB9-FBCA-F8FD-DF7F92DC6D28">
<createdBy>carla</createdBy>
<createdTime>2022-11-16 02:31:45 UTC</createdTime>
<ownerDesignName>Modelo de dados - Carla Ortigoso (RM 97446) - ABC das Finanças</ownerDesignName>
<engineerTo>
<item key="2E2CA6BE-B845-4540-4FA2-C937B9BE950C" value="true"/>
</engineerTo>
<use>0</use>
<ownDataTypeParameters>,,</ownDataTypeParameters>
</Attribute>
<Attribute name="qt_parcela" id="E7F39BD9-3E3C-6D43-AD7C-FB1C55607A23">
<createdBy>carla</createdBy>
<createdTime>2022-11-16 02:14:57 UTC</createdTime>
<ownerDesignName>Modelo de dados - Carla Ortigoso (RM 97446) - ABC das Finanças</ownerDesignName>
<engineerTo>
<item key="2E2CA6BE-B845-4540-4FA2-C937B9BE950C" value="true"/>
</engineerTo>
<use>0</use>
<ownDataTypeParameters>,,</ownDataTypeParameters>
</Attribute>
</attributes>
<identifiers itemClass="oracle.dbtools.crest.model.design.logical.CandidateKey">
<identifier id="A174CF57-4452-B671-ECDC-3F5BFCC8395D" name="T_PARCELAMENTO PK">
<createdBy>carla</createdBy>
<createdTime>2022-11-16 02:31:51 UTC</createdTime>
<ownerDesignName>Modelo de dados - Carla Ortigoso (RM 97446) - ABC das Finanças</ownerDesignName>
<engineerTo>
<item key="2E2CA6BE-B845-4540-4FA2-C937B9BE950C" value="true"/>
</engineerTo>
<pk>true</pk>
<usedAttributes>
<attributeRef>4698D6E2-7BB9-FBCA-F8FD-DF7F92DC6D28</attributeRef>
</usedAttributes>
</identifier>
</identifiers>
</Entity>