<?xml version = '1.0' encoding = 'UTF-8'?>
<Entity class="oracle.dbtools.crest.model.design.logical.Entity" directorySegmentName="seg_0" id="45888A3E-77EB-D755-C890-B54419A4D9D8" name="T_CONTA">
<createdBy>carla</createdBy>
<createdTime>2022-11-16 02:02:49 UTC</createdTime>
<ownerDesignName>Modelo de dados - Carla Ortigoso (RM 97446) - ABC das Finanças</ownerDesignName>
<engineerTo>
<item key="2E2CA6BE-B845-4540-4FA2-C937B9BE950C" value="true"/>
</engineerTo>
<adequatelyNormalized>NO</adequatelyNormalized>
<expectedVolumes>0</expectedVolumes>
<fwdEngineeringStrategyName>Single Table</fwdEngineeringStrategyName>
<growthPercent>0</growthPercent>
<growthType>Year</growthType>
<maxVolumes>9999999</maxVolumes>
<minVolumes>0</minVolumes>
<normalForm>Third</normalForm>
<attributes itemClass="oracle.dbtools.crest.model.design.logical.Attribute">
<Attribute name="cd_conta" id="F2F362FA-CE5C-99D6-C79D-F59F025B4EB3">
<createdBy>carla</createdBy>
<createdTime>2022-11-16 02:03:04 UTC</createdTime>
<ownerDesignName>Modelo de dados - Carla Ortigoso (RM 97446) - ABC das Finanças</ownerDesignName>
<engineerTo>
<item key="2E2CA6BE-B845-4540-4FA2-C937B9BE950C" value="true"/>
</engineerTo>
<use>0</use>
<ownDataTypeParameters>,,</ownDataTypeParameters>
</Attribute>
<Attribute name="cd_usuario" id="10F1AD02-7B25-5FF7-3D55-BF8397D2C8C0">
<createdBy>carla</createdBy>
<createdTime>2022-11-16 02:04:22 UTC</createdTime>
<generatorID>F9E09EE3-3935-3797-AC8D-ADE83D57B320</generatorID>
<ownerDesignName>Modelo de dados - Carla Ortigoso (RM 97446) - ABC das Finanças</ownerDesignName>
<engineerTo>
<item key="2E2CA6BE-B845-4540-4FA2-C937B9BE950C" value="true"/>
</engineerTo>
<nullsAllowed>true</nullsAllowed>
<referedAttribute>0CA14F4D-49E9-DC51-E08A-77E6788CB812</referedAttribute>
<use>0</use>
<ownDataTypeParameters>,,</ownDataTypeParameters>
</Attribute>
<Attribute name="cd_tipo_conta" id="E85A6DA8-BC5F-D3E8-4AB1-276A2105E068">
<createdBy>carla</createdBy>
<createdTime>2022-11-16 02:06:18 UTC</createdTime>
<generatorID>6AAE1A46-872E-B4EA-01E8-3459A64CCB28</generatorID>
<ownerDesignName>Modelo de dados - Carla Ortigoso (RM 97446) - ABC das Finanças</ownerDesignName>
<engineerTo>
<item key="2E2CA6BE-B845-4540-4FA2-C937B9BE950C" value="true"/>
</engineerTo>
<referedAttribute>84B01F25-D418-EA0A-9E82-F3A97484D0C9</referedAttribute>
<use>0</use>
<ownDataTypeParameters>,,</ownDataTypeParameters>
</Attribute>
<Attribute name="nm_conta" id="E089BA42-E34C-30AA-950F-B0D3DA2C0D18">
<createdBy>carla</createdBy>
<createdTime>2022-11-16 02:03:12 UTC</createdTime>
<ownerDesignName>Modelo de dados - Carla Ortigoso (RM 97446) - ABC das Finanças</ownerDesignName>
<engineerTo>
<item key="2E2CA6BE-B845-4540-4FA2-C937B9BE950C" value="true"/>
</engineerTo>
<use>0</use>
<ownDataTypeParameters>,,</ownDataTypeParameters>
</Attribute>
<Attribute name="vl_saldo" id="4864059C-AA93-03C1-38E6-C0922D1AE162">
<createdBy>carla</createdBy>
<createdTime>2022-11-16 02:03:39 UTC</createdTime>
<ownerDesignName>Modelo de dados - Carla Ortigoso (RM 97446) - ABC das Finanças</ownerDesignName>
<engineerTo>
<item key="2E2CA6BE-B845-4540-4FA2-C937B9BE950C" value="true"/>
</engineerTo>
<use>0</use>
<ownDataTypeParameters>,,</ownDataTypeParameters>
</Attribute>
<Attribute name="im_conta" id="96FDF13E-B731-F17E-C18A-D4ABF91C5915">
<createdBy>carla</createdBy>
<createdTime>2022-11-16 02:03:27 UTC</createdTime>
<ownerDesignName>Modelo de dados - Carla Ortigoso (RM 97446) - ABC das Finanças</ownerDesignName>
<engineerTo>
<item key="2E2CA6BE-B845-4540-4FA2-C937B9BE950C" value="true"/>
</engineerTo>
<nullsAllowed>true</nullsAllowed>
<use>0</use>
<ownDataTypeParameters>,,</ownDataTypeParameters>
</Attribute>
</attributes>
<identifiers itemClass="oracle.dbtools.crest.model.design.logical.CandidateKey">
<identifier id="D25B8F7C-0EBF-8E1B-9BE9-9053F59AD9D8" name="T_CONTA PK">
<createdBy>carla</createdBy>
<createdTime>2022-11-16 02:03:15 UTC</createdTime>
<ownerDesignName>Modelo de dados - Carla Ortigoso (RM 97446) - ABC das Finanças</ownerDesignName>
<engineerTo>
<item key="2E2CA6BE-B845-4540-4FA2-C937B9BE950C" value="true"/>
</engineerTo>
<pk>true</pk>
<usedAttributes>
<attributeRef>F2F362FA-CE5C-99D6-C79D-F59F025B4EB3</attributeRef>
</usedAttributes>
</identifier>
</identifiers>
</Entity>