<?xml version = '1.0' encoding = 'UTF-8'?>
<Entity class="oracle.dbtools.crest.model.design.logical.Entity" directorySegmentName="seg_0" id="7B67A42C-FA2B-8086-37E2-35009CA245E1" name="T_GASTO">
<createdBy>carla</createdBy>
<createdTime>2022-11-16 02:10:01 UTC</createdTime>
<ownerDesignName>Modelo de dados - Carla Ortigoso (RM 97446) - ABC das Finanças</ownerDesignName>
<engineerTo>
<item key="2E2CA6BE-B845-4540-4FA2-C937B9BE950C" value="true"/>
</engineerTo>
<adequatelyNormalized>NO</adequatelyNormalized>
<expectedVolumes>0</expectedVolumes>
<fwdEngineeringStrategyName>Single Table</fwdEngineeringStrategyName>
<growthPercent>0</growthPercent>
<growthType>Year</growthType>
<maxVolumes>9999999</maxVolumes>
<minVolumes>0</minVolumes>
<normalForm>Third</normalForm>
<attributes itemClass="oracle.dbtools.crest.model.design.logical.Attribute">
<Attribute name="cd_lcto" id="F80BD93F-F352-B68A-7B24-549880A7B14F">
<createdBy>carla</createdBy>
<createdTime>2022-11-16 02:11:21 UTC</createdTime>
<generatorID>73C271A0-B982-3E52-586E-AFE6704F1EE1</generatorID>
<ownerDesignName>Modelo de dados - Carla Ortigoso (RM 97446) - ABC das Finanças</ownerDesignName>
<engineerTo>
<item key="2E2CA6BE-B845-4540-4FA2-C937B9BE950C" value="true"/>
</engineerTo>
<referedAttribute>2D1E10DC-972B-8073-32E9-4A42606A7282</referedAttribute>
<use>0</use>
<ownDataTypeParameters>,,</ownDataTypeParameters>
</Attribute>
<Attribute name="ds_local" id="CA97F443-A544-08B2-1908-BF5359027F53">
<createdBy>carla</createdBy>
<createdTime>2022-11-16 02:10:11 UTC</createdTime>
<ownerDesignName>Modelo de dados - Carla Ortigoso (RM 97446) - ABC das Finanças</ownerDesignName>
<engineerTo>
<item key="2E2CA6BE-B845-4540-4FA2-C937B9BE950C" value="true"/>
</engineerTo>
<nullsAllowed>true</nullsAllowed>
<use>0</use>
<ownDataTypeParameters>,,</ownDataTypeParameters>
</Attribute>
</attributes>
<identifiers itemClass="oracle.dbtools.crest.model.design.logical.CandidateKey">
<identifier id="F0B2F85E-51C3-7C4E-ECF7-D80880E6CAB4" name="T_GASTO PK">
<createdBy>carla</createdBy>
<createdTime>2022-11-16 02:11:21 UTC</createdTime>
<ownerDesignName>Modelo de dados - Carla Ortigoso (RM 97446) - ABC das Finanças</ownerDesignName>
<engineerTo>
<item key="2E2CA6BE-B845-4540-4FA2-C937B9BE950C" value="true"/>
</engineerTo>
<pk>true</pk>
<usedAttributes>
<attributeRef>F80BD93F-F352-B68A-7B24-549880A7B14F</attributeRef>
</usedAttributes>
</identifier>
</identifiers>
</Entity>