<?xml version = '1.0' encoding = 'UTF-8'?>
<Entity class="oracle.dbtools.crest.model.design.logical.Entity" directorySegmentName="seg_0" id="D5036BBB-17EF-9D5D-1D40-5D3F3495B77F" name="T_RECEBIMENTO">
<createdBy>carla</createdBy>
<createdTime>2022-11-16 02:10:35 UTC</createdTime>
<ownerDesignName>Modelo de dados - Carla Ortigoso (RM 97446) - ABC das Finanças</ownerDesignName>
<engineerTo>
<item key="2E2CA6BE-B845-4540-4FA2-C937B9BE950C" value="true"/>
</engineerTo>
<adequatelyNormalized>NO</adequatelyNormalized>
<expectedVolumes>0</expectedVolumes>
<fwdEngineeringStrategyName>Single Table</fwdEngineeringStrategyName>
<growthPercent>0</growthPercent>
<growthType>Year</growthType>
<maxVolumes>9999999</maxVolumes>
<minVolumes>0</minVolumes>
<normalForm>Third</normalForm>
<attributes itemClass="oracle.dbtools.crest.model.design.logical.Attribute">
<Attribute name="cd_lcto" id="33BF8E51-6A65-5CA0-7FA4-8153DDE7AEBB">
<createdBy>carla</createdBy>
<createdTime>2022-11-16 02:11:38 UTC</createdTime>
<generatorID>DB7F7713-4833-CB12-3CBA-F3C40D2FC653</generatorID>
<ownerDesignName>Modelo de dados - Carla Ortigoso (RM 97446) - ABC das Finanças</ownerDesignName>
<engineerTo>
<item key="2E2CA6BE-B845-4540-4FA2-C937B9BE950C" value="true"/>
</engineerTo>
<referedAttribute>2D1E10DC-972B-8073-32E9-4A42606A7282</referedAttribute>
<use>0</use>
<ownDataTypeParameters>,,</ownDataTypeParameters>
</Attribute>
<Attribute name="ds_origem" id="3B473882-56F7-2AFB-88CE-7D618D941CEE">
<createdBy>carla</createdBy>
<createdTime>2022-11-16 02:10:54 UTC</createdTime>
<ownerDesignName>Modelo de dados - Carla Ortigoso (RM 97446) - ABC das Finanças</ownerDesignName>
<engineerTo>
<item key="2E2CA6BE-B845-4540-4FA2-C937B9BE950C" value="true"/>
</engineerTo>
<nullsAllowed>true</nullsAllowed>
<use>0</use>
<ownDataTypeParameters>,,</ownDataTypeParameters>
</Attribute>
</attributes>
<identifiers itemClass="oracle.dbtools.crest.model.design.logical.CandidateKey">
<identifier id="AC1264B1-3954-060C-5058-4FB8ABC05D8F" name="T_RECEBIMENTO PK">
<createdBy>carla</createdBy>
<createdTime>2022-11-16 02:11:38 UTC</createdTime>
<ownerDesignName>Modelo de dados - Carla Ortigoso (RM 97446) - ABC das Finanças</ownerDesignName>
<engineerTo>
<item key="2E2CA6BE-B845-4540-4FA2-C937B9BE950C" value="true"/>
</engineerTo>
<pk>true</pk>
<usedAttributes>
<attributeRef>33BF8E51-6A65-5CA0-7FA4-8153DDE7AEBB</attributeRef>
</usedAttributes>
</identifier>
</identifiers>
</Entity>