<?xml version = '1.0' encoding = 'UTF-8'?>
<Entity class="oracle.dbtools.crest.model.design.logical.Entity" directorySegmentName="seg_0" id="EDBC4673-6BD2-1957-13A1-F56C4C083574" name="T_CARTAO_CREDITO">
<createdBy>carla</createdBy>
<createdTime>2022-11-16 02:06:47 UTC</createdTime>
<ownerDesignName>Modelo de dados - Carla Ortigoso (RM 97446) - ABC das Finanças</ownerDesignName>
<engineerTo>
<item key="2E2CA6BE-B845-4540-4FA2-C937B9BE950C" value="true"/>
</engineerTo>
<adequatelyNormalized>NO</adequatelyNormalized>
<expectedVolumes>0</expectedVolumes>
<fwdEngineeringStrategyName>Single Table</fwdEngineeringStrategyName>
<growthPercent>0</growthPercent>
<growthType>Year</growthType>
<maxVolumes>9999999</maxVolumes>
<minVolumes>0</minVolumes>
<normalForm>Third</normalForm>
<attributes itemClass="oracle.dbtools.crest.model.design.logical.Attribute">
<Attribute name="cd_cartao" id="6D926798-EEE2-4080-0E08-6AFA5902954B">
<createdBy>carla</createdBy>
<createdTime>2022-11-16 02:06:58 UTC</createdTime>
<ownerDesignName>Modelo de dados - Carla Ortigoso (RM 97446) - ABC das Finanças</ownerDesignName>
<engineerTo>
<item key="2E2CA6BE-B845-4540-4FA2-C937B9BE950C" value="true"/>
</engineerTo>
<use>0</use>
<ownDataTypeParameters>,,</ownDataTypeParameters>
</Attribute>
<Attribute name="cd_conta" id="96328129-7EBD-E3FF-B1B9-B464F80338D7">
<createdBy>carla</createdBy>
<createdTime>2022-11-16 02:09:24 UTC</createdTime>
<generatorID>53518F31-75D6-1C94-A5AD-6432B09A5A1F</generatorID>
<ownerDesignName>Modelo de dados - Carla Ortigoso (RM 97446) - ABC das Finanças</ownerDesignName>
<engineerTo>
<item key="2E2CA6BE-B845-4540-4FA2-C937B9BE950C" value="true"/>
</engineerTo>
<referedAttribute>F2F362FA-CE5C-99D6-C79D-F59F025B4EB3</referedAttribute>
<use>0</use>
<ownDataTypeParameters>,,</ownDataTypeParameters>
</Attribute>
<Attribute name="cd_parcelamento" id="D0B2DCE2-028C-AAD8-1561-A5E2957C488E">
<createdBy>carla</createdBy>
<createdTime>2022-11-16 02:31:57 UTC</createdTime>
<generatorID>6712ECF5-5458-C7EC-D4BE-FCF00EC93BC2</generatorID>
<ownerDesignName>Modelo de dados - Carla Ortigoso (RM 97446) - ABC das Finanças</ownerDesignName>
<engineerTo>
<item key="2E2CA6BE-B845-4540-4FA2-C937B9BE950C" value="true"/>
</engineerTo>
<nullsAllowed>true</nullsAllowed>
<referedAttribute>4698D6E2-7BB9-FBCA-F8FD-DF7F92DC6D28</referedAttribute>
<use>0</use>
<ownDataTypeParameters>,,</ownDataTypeParameters>
</Attribute>
<Attribute name="nm_cartao" id="6006C310-8945-C2CB-0FDF-65CF8F9AF1F2">
<createdBy>carla</createdBy>
<createdTime>2022-11-16 02:07:08 UTC</createdTime>
<ownerDesignName>Modelo de dados - Carla Ortigoso (RM 97446) - ABC das Finanças</ownerDesignName>
<engineerTo>
<item key="2E2CA6BE-B845-4540-4FA2-C937B9BE950C" value="true"/>
</engineerTo>
<use>0</use>
<ownDataTypeParameters>,,</ownDataTypeParameters>
</Attribute>
<Attribute name="dt_venc" id="710C0BE5-B2C1-7CFD-A3D4-28F48412CDF4">
<createdBy>carla</createdBy>
<createdTime>2022-11-16 02:07:19 UTC</createdTime>
<ownerDesignName>Modelo de dados - Carla Ortigoso (RM 97446) - ABC das Finanças</ownerDesignName>
<engineerTo>
<item key="2E2CA6BE-B845-4540-4FA2-C937B9BE950C" value="true"/>
</engineerTo>
<use>0</use>
<ownDataTypeParameters>,,</ownDataTypeParameters>
</Attribute>
<Attribute name="dt_fechamento" id="6353EC7A-2E2C-B2A2-3ABE-AC60289E96C7">
<createdBy>carla</createdBy>
<createdTime>2022-11-16 02:07:25 UTC</createdTime>
<ownerDesignName>Modelo de dados - Carla Ortigoso (RM 97446) - ABC das Finanças</ownerDesignName>
<engineerTo>
<item key="2E2CA6BE-B845-4540-4FA2-C937B9BE950C" value="true"/>
</engineerTo>
<use>0</use>
<ownDataTypeParameters>,,</ownDataTypeParameters>
</Attribute>
<Attribute name="vl_limite" id="11B9E796-8921-5D59-4795-965C310A6B3D">
<createdBy>carla</createdBy>
<createdTime>2022-11-16 02:07:35 UTC</createdTime>
<ownerDesignName>Modelo de dados - Carla Ortigoso (RM 97446) - ABC das Finanças</ownerDesignName>
<engineerTo>
<item key="2E2CA6BE-B845-4540-4FA2-C937B9BE950C" value="true"/>
</engineerTo>
<nullsAllowed>true</nullsAllowed>
<use>0</use>
<ownDataTypeParameters>,,</ownDataTypeParameters>
</Attribute>
</attributes>
<identifiers itemClass="oracle.dbtools.crest.model.design.logical.CandidateKey">
<identifier id="0870E6F8-CE86-C205-35C6-C9BCB4674960" name="T_CARTAO_CREDITO PK">
<createdBy>carla</createdBy>
<createdTime>2022-11-16 02:07:06 UTC</createdTime>
<ownerDesignName>Modelo de dados - Carla Ortigoso (RM 97446) - ABC das Finanças</ownerDesignName>
<engineerTo>
<item key="2E2CA6BE-B845-4540-4FA2-C937B9BE950C" value="true"/>
</engineerTo>
<pk>true</pk>
<usedAttributes>
<attributeRef>6D926798-EEE2-4080-0E08-6AFA5902954B</attributeRef>
</usedAttributes>
</identifier>
</identifiers>
</Entity>