<?xml version = '1.0' encoding = 'UTF-8'?>
<FKIndexAssociation class="oracle.dbtools.crest.model.design.relational.FKIndexAssociation" directorySegmentName="seg_0" id="181F3D12-9AB5-A693-7EC3-C331DA78CB86" containerWithKeyObject="BB22EE9F-D8F0-E58B-934E-D293AB2F7092" localFKIndex="B6776D22-A499-3734-4381-8B79DD7140DD" name="T_CONTA_T_TIPO_CONTA_FK">
<createdBy>carla</createdBy>
<createdTime>2022-11-16 02:34:30 UTC</createdTime>
<generatorID>6AAE1A46-872E-B4EA-01E8-3459A64CCB28</generatorID>
<ownerDesignName>Modelo de dados - Carla Ortigoso (RM 97446) - ABC das Finanças</ownerDesignName>
<referredTableLongName>T_TIPO_CONTA</referredTableLongName>
<deleteRule>NO ACTION</deleteRule>
<referredTableID>2DC14A47-1DE8-BADD-5BAB-89880F38687D</referredTableID>
<keyObject>B906ADC8-49C7-530A-0290-8022C6311D2E</keyObject>
<referredKeyID>B906ADC8-49C7-530A-0290-8022C6311D2E</referredKeyID>
<mandatory>true</mandatory>
<refColNames>cd_tipo_conta</refColNames>
<transferable>true</transferable>
<rely>false</rely>
<columnDependencyConstraintGenerateInDDL>true</columnDependencyConstraintGenerateInDDL>
</FKIndexAssociation>