<?xml version = '1.0' encoding = 'UTF-8'?>
<FKIndexAssociation class="oracle.dbtools.crest.model.design.relational.FKIndexAssociation" directorySegmentName="seg_0" id="212FC51A-EA8D-A5D5-7B4F-E29FF61A18B6" containerWithKeyObject="DF526C4D-1AC8-10A6-FE50-242160A1DAB4" localFKIndex="837AB5D1-44F9-D48D-5598-F33330CE670C" name="T_LANCAMENTO_T_CONTA_FK">
<createdBy>carla</createdBy>
<createdTime>2022-11-16 02:34:30 UTC</createdTime>
<generatorID>5DB26ECD-E6AC-1C33-523D-BB0CD5137961</generatorID>
<ownerDesignName>Modelo de dados - Carla Ortigoso (RM 97446) - ABC das Finanças</ownerDesignName>
<referredTableLongName>T_CONTA</referredTableLongName>
<deleteRule>NO ACTION</deleteRule>
<referredTableID>BB22EE9F-D8F0-E58B-934E-D293AB2F7092</referredTableID>
<keyObject>C335EAB6-8B90-62CE-C44B-53C2A7F638E9</keyObject>
<referredKeyID>C335EAB6-8B90-62CE-C44B-53C2A7F638E9</referredKeyID>
<mandatory>true</mandatory>
<refColNames>cd_conta</refColNames>
<transferable>true</transferable>
<rely>false</rely>
<columnDependencyConstraintGenerateInDDL>true</columnDependencyConstraintGenerateInDDL>
</FKIndexAssociation>