<?xml version = '1.0' encoding = 'UTF-8'?>
<FKIndexAssociation class="oracle.dbtools.crest.model.design.relational.FKIndexAssociation" directorySegmentName="seg_0" id="2AC6508E-418B-EE04-D51D-2DF940248AEA" containerWithKeyObject="DF526C4D-1AC8-10A6-FE50-242160A1DAB4" localFKIndex="2A985527-DD26-DC82-D457-7D82A0BBBB15" name="T_LANCAMENTO_T_CATEGORIA_FK">
<createdBy>carla</createdBy>
<createdTime>2022-11-16 02:34:30 UTC</createdTime>
<generatorID>3993B90B-75A7-31E7-B386-71CDD0A60D4A</generatorID>
<ownerDesignName>Modelo de dados - Carla Ortigoso (RM 97446) - ABC das Finanças</ownerDesignName>
<referredTableLongName>T_CATEGORIA</referredTableLongName>
<deleteRule>NO ACTION</deleteRule>
<referredTableID>C079B8D2-891C-D53A-068D-AA853C8A8FA2</referredTableID>
<keyObject>F5388D31-5366-5D68-925A-405D9F82F91F</keyObject>
<referredKeyID>F5388D31-5366-5D68-925A-405D9F82F91F</referredKeyID>
<mandatory>true</mandatory>
<refColNames>cd_categoria</refColNames>
<transferable>true</transferable>
<rely>false</rely>
<columnDependencyConstraintGenerateInDDL>true</columnDependencyConstraintGenerateInDDL>
</FKIndexAssociation>