<?xml version = '1.0' encoding = 'UTF-8'?>
<FKIndexAssociation class="oracle.dbtools.crest.model.design.relational.FKIndexAssociation" directorySegmentName="seg_0" id="4CDE394C-8BA6-7211-424B-9044E782D541" containerWithKeyObject="137D1D4C-3C97-577A-A9D3-B782EB1BE1DD" localFKIndex="05D40B89-7368-1A1F-74DC-203F78E2FD26" name="T_USUARIO_T_CELULAR_FK">
<createdBy>carla</createdBy>
<createdTime>2022-11-16 02:34:30 UTC</createdTime>
<generatorID>119ED604-0F8C-5758-66A5-96E37EA5B43F</generatorID>
<ownerDesignName>Modelo de dados - Carla Ortigoso (RM 97446) - ABC das Finanças</ownerDesignName>
<referredTableLongName>T_CELULAR</referredTableLongName>
<deleteRule>NO ACTION</deleteRule>
<referredTableID>9CFB10A4-C833-46B5-E420-3B4D651B84A9</referredTableID>
<keyObject>316CC784-40D5-D6FE-1A97-0AFDB7AA33B0</keyObject>
<referredKeyID>316CC784-40D5-D6FE-1A97-0AFDB7AA33B0</referredKeyID>
<mandatory>true</mandatory>
<refColNames>cd_celular</refColNames>
<transferable>true</transferable>
<rely>false</rely>
<columnDependencyConstraintGenerateInDDL>true</columnDependencyConstraintGenerateInDDL>
</FKIndexAssociation>