<?xml version = '1.0' encoding = 'UTF-8'?>
<FKIndexAssociation class="oracle.dbtools.crest.model.design.relational.FKIndexAssociation" directorySegmentName="seg_0" id="65FCE9DA-FD28-B529-FB26-EE612EA41F4F" containerWithKeyObject="DE653BC6-21A8-1934-E87D-D1406E3B22FF" localFKIndex="DC14910A-1CB8-9B98-DCDA-65D90C7EDDAD" name="T_COMPRA_T_PARCELAMENTO_FK">
<createdBy>carla</createdBy>
<createdTime>2022-11-16 02:34:30 UTC</createdTime>
<generatorID>68860493-C58D-C1FB-2CBF-157D5234F1B8</generatorID>
<ownerDesignName>Modelo de dados - Carla Ortigoso (RM 97446) - ABC das Finanças</ownerDesignName>
<referredTableLongName>T_PARCELAMENTO</referredTableLongName>
<deleteRule>NO ACTION</deleteRule>
<referredTableID>7664273A-5CAD-35F5-96BC-16108A2F0477</referredTableID>
<keyObject>FF819D2E-75C9-0C66-589B-CF4096EE353A</keyObject>
<referredKeyID>FF819D2E-75C9-0C66-589B-CF4096EE353A</referredKeyID>
<mandatory>false</mandatory>
<refColNames>cd_parcelamento</refColNames>
<transferable>true</transferable>
<rely>false</rely>
<columnDependencyConstraintGenerateInDDL>true</columnDependencyConstraintGenerateInDDL>
</FKIndexAssociation>