<?xml version = '1.0' encoding = 'UTF-8'?>
<FKIndexAssociation class="oracle.dbtools.crest.model.design.relational.FKIndexAssociation" directorySegmentName="seg_0" id="7E434F91-8D5F-5968-85F3-7B6EC2372BF6" containerWithKeyObject="137D1D4C-3C97-577A-A9D3-B782EB1BE1DD" localFKIndex="4C4BBB49-24C8-D8D0-DEDC-AD60AACB8153" name="T_USUARIO_T_NOME_FK">
<createdBy>carla</createdBy>
<createdTime>2022-11-16 02:34:30 UTC</createdTime>
<generatorID>4EBD8DE9-760B-79ED-77BB-4E68A092ED99</generatorID>
<ownerDesignName>Modelo de dados - Carla Ortigoso (RM 97446) - ABC das Finanças</ownerDesignName>
<referredTableLongName>T_NOME</referredTableLongName>
<deleteRule>NO ACTION</deleteRule>
<referredTableID>36EB0203-54EC-291B-F3CF-8E182FEA1EF2</referredTableID>
<keyObject>B6ABBFD1-5F9F-BA33-BA1E-96F4191ED6AD</keyObject>
<referredKeyID>B6ABBFD1-5F9F-BA33-BA1E-96F4191ED6AD</referredKeyID>
<mandatory>true</mandatory>
<refColNames>cd_nome</refColNames>
<transferable>true</transferable>
<rely>false</rely>
<columnDependencyConstraintGenerateInDDL>true</columnDependencyConstraintGenerateInDDL>
</FKIndexAssociation>