<?xml version = '1.0' encoding = 'UTF-8'?>
<FKIndexAssociation class="oracle.dbtools.crest.model.design.relational.FKIndexAssociation" directorySegmentName="seg_0" id="7E5D1C63-C5CF-73A7-7D0D-D779F2B8F8BC" containerWithKeyObject="BB22EE9F-D8F0-E58B-934E-D293AB2F7092" localFKIndex="BC333C21-EC15-2CF1-C824-3112DCE4BAFA" name="T_CONTA_T_USUARIO_FK">
<createdBy>carla</createdBy>
<createdTime>2022-11-16 02:34:30 UTC</createdTime>
<generatorID>F9E09EE3-3935-3797-AC8D-ADE83D57B320</generatorID>
<ownerDesignName>Modelo de dados - Carla Ortigoso (RM 97446) - ABC das Finanças</ownerDesignName>
<referredTableLongName>T_USUARIO</referredTableLongName>
<deleteRule>NO ACTION</deleteRule>
<referredTableID>137D1D4C-3C97-577A-A9D3-B782EB1BE1DD</referredTableID>
<keyObject>19B96A36-0931-2F99-C242-50E5F8736705</keyObject>
<referredKeyID>19B96A36-0931-2F99-C242-50E5F8736705</referredKeyID>
<mandatory>false</mandatory>
<refColNames>cd_usuario</refColNames>
<transferable>true</transferable>
<rely>false</rely>
<columnDependencyConstraintGenerateInDDL>true</columnDependencyConstraintGenerateInDDL>
</FKIndexAssociation>