<?xml version = '1.0' encoding = 'UTF-8'?>
<FKIndexAssociation class="oracle.dbtools.crest.model.design.relational.FKIndexAssociation" directorySegmentName="seg_0" id="850A1B83-2A1C-6188-9E54-F0AEFD2A4C6E" containerWithKeyObject="D5C62CEA-1107-4DBF-42C4-62E44BA78FC8" localFKIndex="84075383-2425-99AC-9E85-D9AD4D9E1881" name="T_CARTAO_CREDITO_T_PARCELAMENTO_FK">
<createdBy>carla</createdBy>
<createdTime>2022-11-16 02:34:30 UTC</createdTime>
<generatorID>6712ECF5-5458-C7EC-D4BE-FCF00EC93BC2</generatorID>
<ownerDesignName>Modelo de dados - Carla Ortigoso (RM 97446) - ABC das Finanças</ownerDesignName>
<referredTableLongName>T_PARCELAMENTO</referredTableLongName>
<deleteRule>NO ACTION</deleteRule>
<referredTableID>7664273A-5CAD-35F5-96BC-16108A2F0477</referredTableID>
<keyObject>FF819D2E-75C9-0C66-589B-CF4096EE353A</keyObject>
<referredKeyID>FF819D2E-75C9-0C66-589B-CF4096EE353A</referredKeyID>
<mandatory>false</mandatory>
<refColNames>cd_parcelamento</refColNames>
<transferable>true</transferable>
<rely>false</rely>
<columnDependencyConstraintGenerateInDDL>true</columnDependencyConstraintGenerateInDDL>
</FKIndexAssociation>