<?xml version = '1.0' encoding = 'UTF-8'?>
<FKIndexAssociation class="oracle.dbtools.crest.model.design.relational.FKIndexAssociation" directorySegmentName="seg_0" id="8B05A3D1-89FE-268A-C4AB-A7D543A071C1" containerWithKeyObject="1C9F76E5-0A74-0F9F-D2BA-AF69643EE404" localFKIndex="C658AAB2-4074-26CD-3364-F690512514F8" name="T_RECEBIMENTO_T_LANCAMENTO_FK">
<createdBy>carla</createdBy>
<createdTime>2022-11-16 02:34:30 UTC</createdTime>
<generatorID>DB7F7713-4833-CB12-3CBA-F3C40D2FC653</generatorID>
<ownerDesignName>Modelo de dados - Carla Ortigoso (RM 97446) - ABC das Finanças</ownerDesignName>
<referredTableLongName>T_LANCAMENTO</referredTableLongName>
<arc>0B413768-9B9B-4636-506D-B99A3361CB08</arc>
<deleteRule>NO ACTION</deleteRule>
<referredTableID>DF526C4D-1AC8-10A6-FE50-242160A1DAB4</referredTableID>
<keyObject>4E78630D-C802-0833-66AD-C21E3A4D03C2</keyObject>
<referredKeyID>4E78630D-C802-0833-66AD-C21E3A4D03C2</referredKeyID>
<mandatory>true</mandatory>
<refColNames>cd_lcto</refColNames>
<transferable>true</transferable>
<rely>false</rely>
<columnDependencyConstraintGenerateInDDL>true</columnDependencyConstraintGenerateInDDL>
</FKIndexAssociation>