<?xml version = '1.0' encoding = 'UTF-8'?>
<FKIndexAssociation class="oracle.dbtools.crest.model.design.relational.FKIndexAssociation" directorySegmentName="seg_0" id="B79195EB-21BB-3A9D-212B-7F4D226BAB6D" containerWithKeyObject="DE653BC6-21A8-1934-E87D-D1406E3B22FF" localFKIndex="222C28C6-CF6C-6333-ED97-DC3D482CA207" name="T_COMPRA_T_CATEGORIA_FK">
<createdBy>carla</createdBy>
<createdTime>2022-11-16 02:34:30 UTC</createdTime>
<generatorID>3F08F9E1-54BA-ABB8-4120-735CE698AE55</generatorID>
<ownerDesignName>Modelo de dados - Carla Ortigoso (RM 97446) - ABC das Finanças</ownerDesignName>
<referredTableLongName>T_CATEGORIA</referredTableLongName>
<deleteRule>NO ACTION</deleteRule>
<referredTableID>C079B8D2-891C-D53A-068D-AA853C8A8FA2</referredTableID>
<keyObject>F5388D31-5366-5D68-925A-405D9F82F91F</keyObject>
<referredKeyID>F5388D31-5366-5D68-925A-405D9F82F91F</referredKeyID>
<mandatory>true</mandatory>
<refColNames>cd_categoria</refColNames>
<transferable>true</transferable>
<rely>false</rely>
<columnDependencyConstraintGenerateInDDL>true</columnDependencyConstraintGenerateInDDL>
</FKIndexAssociation>