<?xml version = '1.0' encoding = 'UTF-8'?>
<FKIndexAssociation class="oracle.dbtools.crest.model.design.relational.FKIndexAssociation" directorySegmentName="seg_0" id="CF7537B5-D68F-8A9A-0AB8-E1F40BBA1398" containerWithKeyObject="5A4FF30E-7AA3-2EEB-55EB-0D40283CBD5C" localFKIndex="88B9C24E-9AFC-58ED-3307-3860AC308D30" name="T_GASTO_T_LANCAMENTO_FK">
<createdBy>carla</createdBy>
<createdTime>2022-11-16 02:34:30 UTC</createdTime>
<generatorID>73C271A0-B982-3E52-586E-AFE6704F1EE1</generatorID>
<ownerDesignName>Modelo de dados - Carla Ortigoso (RM 97446) - ABC das Finanças</ownerDesignName>
<referredTableLongName>T_LANCAMENTO</referredTableLongName>
<arc>0B413768-9B9B-4636-506D-B99A3361CB08</arc>
<deleteRule>NO ACTION</deleteRule>
<referredTableID>DF526C4D-1AC8-10A6-FE50-242160A1DAB4</referredTableID>
<keyObject>4E78630D-C802-0833-66AD-C21E3A4D03C2</keyObject>
<referredKeyID>4E78630D-C802-0833-66AD-C21E3A4D03C2</referredKeyID>
<mandatory>true</mandatory>
<refColNames>cd_lcto</refColNames>
<transferable>true</transferable>
<rely>false</rely>
<columnDependencyConstraintGenerateInDDL>true</columnDependencyConstraintGenerateInDDL>
</FKIndexAssociation>