<?xml version = '1.0' encoding = 'UTF-8'?>
<FKIndexAssociation class="oracle.dbtools.crest.model.design.relational.FKIndexAssociation" directorySegmentName="seg_0" id="DDC5006A-C5F6-D0D8-7BD1-2E2D61213234" containerWithKeyObject="DE653BC6-21A8-1934-E87D-D1406E3B22FF" localFKIndex="68814026-14EC-2BDF-35A1-CD470A617011" name="T_COMPRA_T_CARTAO_CREDITO_FK">
<createdBy>carla</createdBy>
<createdTime>2022-11-16 02:34:30 UTC</createdTime>
<generatorID>2C35DEEF-8CBE-FBF8-4D47-1BC9138E9611</generatorID>
<ownerDesignName>Modelo de dados - Carla Ortigoso (RM 97446) - ABC das Finanças</ownerDesignName>
<referredTableLongName>T_CARTAO_CREDITO</referredTableLongName>
<deleteRule>NO ACTION</deleteRule>
<referredTableID>D5C62CEA-1107-4DBF-42C4-62E44BA78FC8</referredTableID>
<keyObject>491948CF-9202-E3F0-84AE-CF9F495C871D</keyObject>
<referredKeyID>491948CF-9202-E3F0-84AE-CF9F495C871D</referredKeyID>
<mandatory>true</mandatory>
<refColNames>cd_cartao</refColNames>
<transferable>true</transferable>
<rely>false</rely>
<columnDependencyConstraintGenerateInDDL>true</columnDependencyConstraintGenerateInDDL>
</FKIndexAssociation>