<?xml version = '1.0' encoding = 'UTF-8'?>
<FKIndexAssociation class="oracle.dbtools.crest.model.design.relational.FKIndexAssociation" directorySegmentName="seg_0" id="DE304E17-9D42-146C-CFF1-CCF5064CD2E7" containerWithKeyObject="D5C62CEA-1107-4DBF-42C4-62E44BA78FC8" localFKIndex="ACCB2778-DAB4-5952-7F12-0BF14A05A87A" name="T_CARTAO_CREDITO_T_CONTA_FK">
<createdBy>carla</createdBy>
<createdTime>2022-11-16 02:34:30 UTC</createdTime>
<generatorID>53518F31-75D6-1C94-A5AD-6432B09A5A1F</generatorID>
<ownerDesignName>Modelo de dados - Carla Ortigoso (RM 97446) - ABC das Finanças</ownerDesignName>
<referredTableLongName>T_CONTA</referredTableLongName>
<deleteRule>NO ACTION</deleteRule>
<referredTableID>BB22EE9F-D8F0-E58B-934E-D293AB2F7092</referredTableID>
<keyObject>C335EAB6-8B90-62CE-C44B-53C2A7F638E9</keyObject>
<referredKeyID>C335EAB6-8B90-62CE-C44B-53C2A7F638E9</referredKeyID>
<mandatory>true</mandatory>
<refColNames>cd_conta</refColNames>
<transferable>true</transferable>
<rely>false</rely>
<columnDependencyConstraintGenerateInDDL>true</columnDependencyConstraintGenerateInDDL>
</FKIndexAssociation>