<?xml version = '1.0' encoding = 'UTF-8'?>
<Diagram class="oracle.dbtools.crest.swingui.relational.DPVRelational" name="Relational_1" id="4A6F64D0-4E69-37AF-3EBF-BC45DF3F9301">
<createdBy>carla</createdBy>
<modifiedBy>carla</modifiedBy>
<createdTime>2022-11-16 02:29:48 UTC</createdTime>
<autoRoute>false</autoRoute>
<boxInbox>true</boxInbox>
<showLegend>false</showLegend>
<showLabels>false</showLabels>
<showRelAttributes>false</showRelAttributes>
<gridEnabled>false</gridEnabled>
<showGrid>false</showGrid>
<diagramColor>-1</diagramColor>
<display>false</display>
<notation>1</notation>
<objectViews>
<OView class="oracle.dbtools.crest.swingui.relational.TVTable" oid="137D1D4C-3C97-577A-A9D3-B782EB1BE1DD" otype="Table" vid="4F3842E5-7F45-1D2E-CCD4-4EAF5468A95C">
<hideElementsInCurrentOnly>false</hideElementsInCurrentOnly>
<bounds x="297" y="68" width="290" height="168"/>
</OView>
<OView class="oracle.dbtools.crest.swingui.relational.TVTable" oid="1C9F76E5-0A74-0F9F-D2BA-AF69643EE404" otype="Table" vid="0DF89450-83AC-6A03-22EC-F10D7C102FBA">
<hideElementsInCurrentOnly>false</hideElementsInCurrentOnly>
<bounds x="655" y="756" width="364" height="97"/>
</OView>
<OView class="oracle.dbtools.crest.swingui.relational.TVTable" oid="2DC14A47-1DE8-BADD-5BAB-89880F38687D" otype="Table" vid="97072BEF-3507-47C0-ECFC-D95BDFBC46C9">
<hideElementsInCurrentOnly>false</hideElementsInCurrentOnly>
<bounds x="21" y="339" width="187" height="110"/>
</OView>
<OView class="oracle.dbtools.crest.swingui.relational.TVTable" oid="36EB0203-54EC-291B-F3CF-8E182FEA1EF2" otype="Table" vid="365A4A92-C6EA-656A-888B-E97DC08EB1B5">
<hideElementsInCurrentOnly>false</hideElementsInCurrentOnly>
<bounds x="14" y="36" width="197" height="110"/>
</OView>
<OView class="oracle.dbtools.crest.swingui.relational.TVTable" oid="5A4FF30E-7AA3-2EEB-55EB-0D40283CBD5C" otype="Table" vid="C03E2127-7DB3-6A97-EFC7-B79F89AB509A">
<hideElementsInCurrentOnly>false</hideElementsInCurrentOnly>
<bounds x="298" y="753" width="323" height="94"/>
</OView>
<OView class="oracle.dbtools.crest.swingui.relational.TVTable" oid="7664273A-5CAD-35F5-96BC-16108A2F0477" otype="Table" vid="0E990CD4-2DD2-A957-1BF3-1E5F3AC994FE">
<hideElementsInCurrentOnly>false</hideElementsInCurrentOnly>
<bounds x="1085" y="388" width="239" height="69"/>
</OView>
<OView class="oracle.dbtools.crest.swingui.relational.TVTable" oid="9CFB10A4-C833-46B5-E420-3B4D651B84A9" otype="Table" vid="68005CF1-953A-BF06-78AB-040772FC3DFD">
<hideElementsInCurrentOnly>false</hideElementsInCurrentOnly>
<bounds x="37" y="166" width="170" height="110"/>
</OView>
<OView class="oracle.dbtools.crest.swingui.relational.TVTable" oid="BB22EE9F-D8F0-E58B-934E-D293AB2F7092" otype="Table" vid="1A07AA81-6206-4FA4-8C2A-1D1C9E0A60BD">
<hideElementsInCurrentOnly>false</hideElementsInCurrentOnly>
<bounds x="304" y="340" width="189" height="122"/>
</OView>
<OView class="oracle.dbtools.crest.swingui.relational.TVTable" oid="C079B8D2-891C-D53A-068D-AA853C8A8FA2" otype="Table" vid="A43128BC-4251-5B44-D6E4-7D79D8A537CB">
<hideElementsInCurrentOnly>false</hideElementsInCurrentOnly>
<bounds x="1409" y="479" width="193" height="80"/>
</OView>
<OView class="oracle.dbtools.crest.swingui.relational.TVTable" oid="D5C62CEA-1107-4DBF-42C4-62E44BA78FC8" otype="Table" vid="10D97271-D9E8-DA13-A28F-1B2406C5F3E9">
<hideElementsInCurrentOnly>false</hideElementsInCurrentOnly>
<bounds x="537" y="274" width="464" height="180"/>
</OView>
<OView class="oracle.dbtools.crest.swingui.relational.TVTable" oid="DE653BC6-21A8-1934-E87D-D1406E3B22FF" otype="Table" vid="925E946D-7AD3-B225-B92C-EAB43316E299">
<hideElementsInCurrentOnly>false</hideElementsInCurrentOnly>
<bounds x="1103" y="150" width="436" height="206"/>
</OView>
<OView class="oracle.dbtools.crest.swingui.relational.TVTable" oid="DF526C4D-1AC8-10A6-FE50-242160A1DAB4" otype="Table" vid="D84B7B8A-B690-2BD4-54B4-B78E8DCAF281">
<hideElementsInCurrentOnly>false</hideElementsInCurrentOnly>
<bounds x="481" y="509" width="364" height="179"/>
</OView>
</objectViews>
<connectors>
<Connector class="oracle.dbtools.crest.swingui.relational.TVFKRelation" oid="181F3D12-9AB5-A693-7EC3-C331DA78CB86" otype="FKIndexAssociation" vid_source="97072BEF-3507-47C0-ECFC-D95BDFBC46C9" vid_target="1A07AA81-6206-4FA4-8C2A-1D1C9E0A60BD">
<hideElementsInCurrentOnly>false</hideElementsInCurrentOnly>
<backgroundColor>-16777216</backgroundColor>
<lineWidth>1</lineWidth>
<points>
<point x="208" y="409"/>
<point x="304" y="409"/>
</points>
</Connector>
<Connector class="oracle.dbtools.crest.swingui.relational.TVFKRelation" oid="212FC51A-EA8D-A5D5-7B4F-E29FF61A18B6" otype="FKIndexAssociation" vid_source="1A07AA81-6206-4FA4-8C2A-1D1C9E0A60BD" vid_target="D84B7B8A-B690-2BD4-54B4-B78E8DCAF281">
<hideElementsInCurrentOnly>false</hideElementsInCurrentOnly>
<backgroundColor>-16777216</backgroundColor>
<lineWidth>1</lineWidth>
<points>
<point x="493" y="453"/>
<point x="520" y="453"/>
<point x="520" y="509"/>
</points>
</Connector>
<Connector class="oracle.dbtools.crest.swingui.relational.TVFKRelation" oid="2AC6508E-418B-EE04-D51D-2DF940248AEA" otype="FKIndexAssociation" vid_source="A43128BC-4251-5B44-D6E4-7D79D8A537CB" vid_target="D84B7B8A-B690-2BD4-54B4-B78E8DCAF281">
<hideElementsInCurrentOnly>false</hideElementsInCurrentOnly>
<backgroundColor>-16777216</backgroundColor>
<lineWidth>1</lineWidth>
<points>
<point x="1409" y="534"/>
<point x="845" y="534"/>
</points>
</Connector>
<Connector class="oracle.dbtools.crest.swingui.relational.TVFKRelation" oid="4CDE394C-8BA6-7211-424B-9044E782D541" otype="FKIndexAssociation" vid_source="68005CF1-953A-BF06-78AB-040772FC3DFD" vid_target="4F3842E5-7F45-1D2E-CCD4-4EAF5468A95C">
<hideElementsInCurrentOnly>false</hideElementsInCurrentOnly>
<backgroundColor>-16777216</backgroundColor>
<lineWidth>1</lineWidth>
<points>
<point x="207" y="216"/>
<point x="297" y="216"/>
</points>
</Connector>
<Connector class="oracle.dbtools.crest.swingui.relational.TVFKRelation" oid="65FCE9DA-FD28-B529-FB26-EE612EA41F4F" otype="FKIndexAssociation" vid_source="0E990CD4-2DD2-A957-1BF3-1E5F3AC994FE" vid_target="925E946D-7AD3-B225-B92C-EAB43316E299">
<hideElementsInCurrentOnly>false</hideElementsInCurrentOnly>
<backgroundColor>-16777216</backgroundColor>
<lineWidth>1</lineWidth>
<points>
<point x="1213" y="388"/>
<point x="1213" y="356"/>
</points>
</Connector>
<Connector class="oracle.dbtools.crest.swingui.relational.TVFKRelation" oid="7E434F91-8D5F-5968-85F3-7B6EC2372BF6" otype="FKIndexAssociation" vid_source="365A4A92-C6EA-656A-888B-E97DC08EB1B5" vid_target="4F3842E5-7F45-1D2E-CCD4-4EAF5468A95C">
<hideElementsInCurrentOnly>false</hideElementsInCurrentOnly>
<backgroundColor>-16777216</backgroundColor>
<lineWidth>1</lineWidth>
<points>
<point x="211" y="107"/>
<point x="297" y="107"/>
</points>
</Connector>
<Connector class="oracle.dbtools.crest.swingui.relational.TVFKRelation" oid="7E5D1C63-C5CF-73A7-7D0D-D779F2B8F8BC" otype="FKIndexAssociation" vid_source="4F3842E5-7F45-1D2E-CCD4-4EAF5468A95C" vid_target="1A07AA81-6206-4FA4-8C2A-1D1C9E0A60BD">
<hideElementsInCurrentOnly>false</hideElementsInCurrentOnly>
<backgroundColor>-16777216</backgroundColor>
<lineWidth>1</lineWidth>
<points>
<point x="398" y="236"/>
<point x="398" y="340"/>
</points>
</Connector>
<Connector class="oracle.dbtools.crest.swingui.relational.TVFKRelation" oid="850A1B83-2A1C-6188-9E54-F0AEFD2A4C6E" otype="FKIndexAssociation" vid_source="0E990CD4-2DD2-A957-1BF3-1E5F3AC994FE" vid_target="10D97271-D9E8-DA13-A28F-1B2406C5F3E9">
<hideElementsInCurrentOnly>false</hideElementsInCurrentOnly>
<backgroundColor>-16777216</backgroundColor>
<lineWidth>1</lineWidth>
<points>
<point x="1085" y="421"/>
<point x="1001" y="421"/>
</points>
</Connector>
<Connector class="oracle.dbtools.crest.swingui.relational.TVFKRelation" oid="8B05A3D1-89FE-268A-C4AB-A7D543A071C1" otype="FKIndexAssociation" vid_source="D84B7B8A-B690-2BD4-54B4-B78E8DCAF281" vid_target="0DF89450-83AC-6A03-22EC-F10D7C102FBA">
<hideElementsInCurrentOnly>false</hideElementsInCurrentOnly>
<backgroundColor>-16777216</backgroundColor>
<lineWidth>1</lineWidth>
<points>
<point x="750" y="688"/>
<point x="750" y="756"/>
</points>
</Connector>
<Connector class="oracle.dbtools.crest.swingui.relational.TVFKRelation" oid="B79195EB-21BB-3A9D-212B-7F4D226BAB6D" otype="FKIndexAssociation" vid_source="A43128BC-4251-5B44-D6E4-7D79D8A537CB" vid_target="925E946D-7AD3-B225-B92C-EAB43316E299">
<hideElementsInCurrentOnly>false</hideElementsInCurrentOnly>
<backgroundColor>-16777216</backgroundColor>
<lineWidth>1</lineWidth>
<points>
<point x="1484" y="479"/>
<point x="1484" y="426"/>
<point x="1484" y="384"/>
<point x="1484" y="356"/>
</points>
</Connector>
<Connector class="oracle.dbtools.crest.swingui.relational.TVFKRelation" oid="CF7537B5-D68F-8A9A-0AB8-E1F40BBA1398" otype="FKIndexAssociation" vid_source="D84B7B8A-B690-2BD4-54B4-B78E8DCAF281" vid_target="C03E2127-7DB3-6A97-EFC7-B79F89AB509A">
<hideElementsInCurrentOnly>false</hideElementsInCurrentOnly>
<backgroundColor>-16777216</backgroundColor>
<lineWidth>1</lineWidth>
<points>
<point x="551" y="688"/>
<point x="551" y="753"/>
</points>
</Connector>
<Connector class="oracle.dbtools.crest.swingui.relational.TVFKRelation" oid="DDC5006A-C5F6-D0D8-7BD1-2E2D61213234" otype="FKIndexAssociation" vid_source="10D97271-D9E8-DA13-A28F-1B2406C5F3E9" vid_target="925E946D-7AD3-B225-B92C-EAB43316E299">
<hideElementsInCurrentOnly>false</hideElementsInCurrentOnly>
<backgroundColor>-16777216</backgroundColor>
<lineWidth>1</lineWidth>
<points>
<point x="1001" y="315"/>
<point x="1103" y="315"/>
</points>
</Connector>
<Connector class="oracle.dbtools.crest.swingui.relational.TVFKRelation" oid="DE304E17-9D42-146C-CFF1-CCF5064CD2E7" otype="FKIndexAssociation" vid_source="1A07AA81-6206-4FA4-8C2A-1D1C9E0A60BD" vid_target="10D97271-D9E8-DA13-A28F-1B2406C5F3E9">
<hideElementsInCurrentOnly>false</hideElementsInCurrentOnly>
<backgroundColor>-16777216</backgroundColor>
<lineWidth>1</lineWidth>
<points>
<point x="493" y="397"/>
<point x="537" y="397"/>
</points>
</Connector>
</connectors>
<arcs>
<Arc class="oracle.dbtools.crest.swingui.relational.TVFKArc" oid="0B413768-9B9B-4636-506D-B99A3361CB08" otype="FKArc" vid="6E84DF11-96B0-0664-5DD3-01F773FE6BE6">
<hideElementsInCurrentOnly>false</hideElementsInCurrentOnly>
<bounds x="461" y="489" width="404" height="219"/>
</Arc>
</arcs>
</Diagram>