<?xml version = '1.0' encoding = 'UTF-8'?>
<Arc class="oracle.dbtools.crest.model.design.logical.Arc" directorySegmentName="seg_0" id="5B34FDA2-B842-2BC3-7E57-A4059803DCCF" name="Arc_1">
<createdBy>carla</createdBy>
<createdTime>2022-11-16 02:11:55 UTC</createdTime>
<ownerDesignName>Modelo de dados - Carla Ortigoso (RM 97446) - ABC das Finanças</ownerDesignName>
<engineerTo>
<item key="2E2CA6BE-B845-4540-4FA2-C937B9BE950C" value="true"/>
</engineerTo>
<entity>22BBF390-D751-0A92-54AB-5AD7B280D052</entity>
<relations>
<relationID>73C271A0-B982-3E52-586E-AFE6704F1EE1</relationID>
<relationID>DB7F7713-4833-CB12-3CBA-F3C40D2FC653</relationID>
</relations>
</Arc>