<?xml version = '1.0' encoding = 'UTF-8'?>
<Relation class="oracle.dbtools.crest.model.design.logical.Relation" name="Relation_4" directorySegmentName="seg_0" id="119ED604-0F8C-5758-66A5-96E37EA5B43F">
<createdBy>carla</createdBy>
<createdTime>2022-11-16 02:02:19 UTC</createdTime>
<ownerDesignName>Modelo de dados - Carla Ortigoso (RM 97446) - ABC das Finanças</ownerDesignName>
<engineerTo>
<item key="2E2CA6BE-B845-4540-4FA2-C937B9BE950C" value="true"/>
</engineerTo>
<sourcePk>4AF820C6-661F-7043-5909-C20708A757E9</sourcePk>
<targetPk>F5DBDC00-5186-3102-1282-EB488AE1062B</targetPk>
<identifying>false</identifying>
<optionalSource>false</optionalSource>
<optionalTarget>false</optionalTarget>
<sourceCardinality>*</sourceCardinality>
<sourceEntity>27426A06-96CF-C269-88FE-F73ECB59BD4E</sourceEntity>
<targetCardinalityString>1</targetCardinalityString>
<targetEntity>F82601C7-F8AB-66C4-F631-8F5D7DAF38C8</targetEntity>
<transferable>true</transferable>
<deleteRule>NO ACTION</deleteRule>
</Relation>