<?xml version = '1.0' encoding = 'UTF-8'?>
<Relation class="oracle.dbtools.crest.model.design.logical.Relation" name="terv1" directorySegmentName="seg_0" id="2C35DEEF-8CBE-FBF8-4D47-1BC9138E9611">
<createdBy>carla</createdBy>
<createdTime>2022-11-16 02:16:31 UTC</createdTime>
<ownerDesignName>Modelo de dados - Carla Ortigoso (RM 97446) - ABC das Finanças</ownerDesignName>
<engineerTo>
<item key="2E2CA6BE-B845-4540-4FA2-C937B9BE950C" value="true"/>
</engineerTo>
<sourcePk>0870E6F8-CE86-C205-35C6-C9BCB4674960</sourcePk>
<identifying>false</identifying>
<optionalSource>true</optionalSource>
<optionalTarget>false</optionalTarget>
<sourceCardinality>1</sourceCardinality>
<sourceEntity>EDBC4673-6BD2-1957-13A1-F56C4C083574</sourceEntity>
<targetCardinalityString>*</targetCardinalityString>
<targetEntity>1D72CD01-2943-B9B3-5D34-0F2D1C0AA060</targetEntity>
<transferable>true</transferable>
<deleteRule>NO ACTION</deleteRule>
</Relation>