<?xml version = '1.0' encoding = 'UTF-8'?>
<Relation class="oracle.dbtools.crest.model.design.logical.Relation" name="pertencerv1" directorySegmentName="seg_0" id="3993B90B-75A7-31E7-B386-71CDD0A60D4A">
<createdBy>carla</createdBy>
<createdTime>2022-11-16 02:23:06 UTC</createdTime>
<ownerDesignName>Modelo de dados - Carla Ortigoso (RM 97446) - ABC das Finanças</ownerDesignName>
<engineerTo>
<item key="2E2CA6BE-B845-4540-4FA2-C937B9BE950C" value="true"/>
</engineerTo>
<sourcePk>58097AC7-08DB-C5E1-DE68-1AE86B464E12</sourcePk>
<targetPk>1707A904-FC09-FD59-E4C5-8B8CBBED7671</targetPk>
<identifying>false</identifying>
<optionalSource>false</optionalSource>
<optionalTarget>true</optionalTarget>
<sourceCardinality>*</sourceCardinality>
<sourceEntity>22BBF390-D751-0A92-54AB-5AD7B280D052</sourceEntity>
<targetCardinalityString>1</targetCardinalityString>
<targetEntity>A90B67AF-AD4D-7EA0-3F49-4A9D369C6698</targetEntity>
<transferable>true</transferable>
<deleteRule>NO ACTION</deleteRule>
</Relation>