<?xml version = '1.0' encoding = 'UTF-8'?>
<Relation class="oracle.dbtools.crest.model.design.logical.Relation" name="pertencer" directorySegmentName="seg_0" id="3F08F9E1-54BA-ABB8-4120-735CE698AE55">
<createdBy>carla</createdBy>
<createdTime>2022-11-16 02:31:03 UTC</createdTime>
<ownerDesignName>Modelo de dados - Carla Ortigoso (RM 97446) - ABC das Finanças</ownerDesignName>
<engineerTo>
<item key="2E2CA6BE-B845-4540-4FA2-C937B9BE950C" value="true"/>
</engineerTo>
<sourcePk>1707A904-FC09-FD59-E4C5-8B8CBBED7671</sourcePk>
<identifying>false</identifying>
<optionalSource>true</optionalSource>
<optionalTarget>false</optionalTarget>
<sourceCardinality>1</sourceCardinality>
<sourceEntity>A90B67AF-AD4D-7EA0-3F49-4A9D369C6698</sourceEntity>
<targetCardinalityString>*</targetCardinalityString>
<targetEntity>1D72CD01-2943-B9B3-5D34-0F2D1C0AA060</targetEntity>
<transferable>true</transferable>
<deleteRule>NO ACTION</deleteRule>
</Relation>