<?xml version = '1.0' encoding = 'UTF-8'?>
<Relation class="oracle.dbtools.crest.model.design.logical.Relation" name="ter" directorySegmentName="seg_0" id="4EBD8DE9-760B-79ED-77BB-4E68A092ED99">
<createdBy>carla</createdBy>
<createdTime>2022-11-16 02:00:56 UTC</createdTime>
<ownerDesignName>Modelo de dados - Carla Ortigoso (RM 97446) - ABC das Finanças</ownerDesignName>
<engineerTo>
<item key="2E2CA6BE-B845-4540-4FA2-C937B9BE950C" value="true"/>
</engineerTo>
<sourcePk>AF74DAE3-07EA-8457-A9D4-D084C1E8F133</sourcePk>
<identifying>false</identifying>
<optionalSource>false</optionalSource>
<optionalTarget>false</optionalTarget>
<sourceCardinality>1</sourceCardinality>
<sourceEntity>52DEDC47-01B2-644F-61D8-0516640B7CFA</sourceEntity>
<targetCardinalityString>*</targetCardinalityString>
<targetEntity>27426A06-96CF-C269-88FE-F73ECB59BD4E</targetEntity>
<transferable>true</transferable>
<deleteRule>NO ACTION</deleteRule>
</Relation>