<?xml version = '1.0' encoding = 'UTF-8'?>
<Relation class="oracle.dbtools.crest.model.design.logical.Relation" name="Relation_8" directorySegmentName="seg_0" id="53518F31-75D6-1C94-A5AD-6432B09A5A1F">
<createdBy>carla</createdBy>
<createdTime>2022-11-16 02:09:24 UTC</createdTime>
<ownerDesignName>Modelo de dados - Carla Ortigoso (RM 97446) - ABC das Finanças</ownerDesignName>
<engineerTo>
<item key="2E2CA6BE-B845-4540-4FA2-C937B9BE950C" value="true"/>
</engineerTo>
<sourcePk>D25B8F7C-0EBF-8E1B-9BE9-9053F59AD9D8</sourcePk>
<identifying>false</identifying>
<optionalSource>true</optionalSource>
<optionalTarget>false</optionalTarget>
<sourceCardinality>1</sourceCardinality>
<sourceEntity>45888A3E-77EB-D755-C890-B54419A4D9D8</sourceEntity>
<targetCardinalityString>*</targetCardinalityString>
<targetEntity>EDBC4673-6BD2-1957-13A1-F56C4C083574</targetEntity>
<transferable>true</transferable>
<deleteRule>NO ACTION</deleteRule>
</Relation>