<?xml version = '1.0' encoding = 'UTF-8'?>
<Relation class="oracle.dbtools.crest.model.design.logical.Relation" name="Relation_9" directorySegmentName="seg_0" id="5DB26ECD-E6AC-1C33-523D-BB0CD5137961">
<createdBy>carla</createdBy>
<createdTime>2022-11-16 02:09:44 UTC</createdTime>
<ownerDesignName>Modelo de dados - Carla Ortigoso (RM 97446) - ABC das Finanças</ownerDesignName>
<engineerTo>
<item key="2E2CA6BE-B845-4540-4FA2-C937B9BE950C" value="true"/>
</engineerTo>
<sourcePk>D25B8F7C-0EBF-8E1B-9BE9-9053F59AD9D8</sourcePk>
<identifying>false</identifying>
<optionalSource>true</optionalSource>
<optionalTarget>false</optionalTarget>
<sourceCardinality>1</sourceCardinality>
<sourceEntity>45888A3E-77EB-D755-C890-B54419A4D9D8</sourceEntity>
<targetCardinalityString>*</targetCardinalityString>
<targetEntity>22BBF390-D751-0A92-54AB-5AD7B280D052</targetEntity>
<transferable>true</transferable>
<deleteRule>NO ACTION</deleteRule>
</Relation>