<?xml version = '1.0' encoding = 'UTF-8'?>
<Relation class="oracle.dbtools.crest.model.design.logical.Relation" name="fazer" directorySegmentName="seg_0" id="6712ECF5-5458-C7EC-D4BE-FCF00EC93BC2">
<createdBy>carla</createdBy>
<createdTime>2022-11-16 02:17:10 UTC</createdTime>
<ownerDesignName>Modelo de dados - Carla Ortigoso (RM 97446) - ABC das Finanças</ownerDesignName>
<engineerTo>
<item key="2E2CA6BE-B845-4540-4FA2-C937B9BE950C" value="true"/>
</engineerTo>
<sourcePk>0870E6F8-CE86-C205-35C6-C9BCB4674960</sourcePk>
<targetPk>A174CF57-4452-B671-ECDC-3F5BFCC8395D</targetPk>
<identifying>false</identifying>
<optionalSource>true</optionalSource>
<optionalTarget>false</optionalTarget>
<sourceCardinality>*</sourceCardinality>
<sourceEntity>EDBC4673-6BD2-1957-13A1-F56C4C083574</sourceEntity>
<targetCardinalityString>1</targetCardinalityString>
<targetEntity>2B327366-1684-2643-7899-28EB2D05298D</targetEntity>
<transferable>true</transferable>
<deleteRule>NO ACTION</deleteRule>
</Relation>