<?xml version = '1.0' encoding = 'UTF-8'?>
<Relation class="oracle.dbtools.crest.model.design.logical.Relation" name="fazerv1" directorySegmentName="seg_0" id="68860493-C58D-C1FB-2CBF-157D5234F1B8">
<createdBy>carla</createdBy>
<createdTime>2022-11-16 02:19:01 UTC</createdTime>
<ownerDesignName>Modelo de dados - Carla Ortigoso (RM 97446) - ABC das Finanças</ownerDesignName>
<engineerTo>
<item key="2E2CA6BE-B845-4540-4FA2-C937B9BE950C" value="true"/>
</engineerTo>
<sourcePk>BF8527F6-9339-DD83-D420-14A678FF30E3</sourcePk>
<targetPk>A174CF57-4452-B671-ECDC-3F5BFCC8395D</targetPk>
<identifying>false</identifying>
<optionalSource>true</optionalSource>
<optionalTarget>false</optionalTarget>
<sourceCardinality>*</sourceCardinality>
<sourceEntity>1D72CD01-2943-B9B3-5D34-0F2D1C0AA060</sourceEntity>
<targetCardinalityString>1</targetCardinalityString>
<targetEntity>2B327366-1684-2643-7899-28EB2D05298D</targetEntity>
<transferable>true</transferable>
<deleteRule>NO ACTION</deleteRule>
</Relation>