<?xml version = '1.0' encoding = 'UTF-8'?>
<Relation class="oracle.dbtools.crest.model.design.logical.Relation" name="ser" directorySegmentName="seg_0" id="6AAE1A46-872E-B4EA-01E8-3459A64CCB28">
<createdBy>carla</createdBy>
<createdTime>2022-11-16 02:05:50 UTC</createdTime>
<ownerDesignName>Modelo de dados - Carla Ortigoso (RM 97446) - ABC das Finanças</ownerDesignName>
<engineerTo>
<item key="2E2CA6BE-B845-4540-4FA2-C937B9BE950C" value="true"/>
</engineerTo>
<sourcePk>D25B8F7C-0EBF-8E1B-9BE9-9053F59AD9D8</sourcePk>
<targetPk>83FC7DC4-EE93-1577-64A1-8F809D3CDAC2</targetPk>
<identifying>false</identifying>
<optionalSource>false</optionalSource>
<optionalTarget>true</optionalTarget>
<sourceCardinality>*</sourceCardinality>
<sourceEntity>45888A3E-77EB-D755-C890-B54419A4D9D8</sourceEntity>
<targetCardinalityString>1</targetCardinalityString>
<targetEntity>F164CF09-AB1C-36E5-F730-53AF18398EC8</targetEntity>
<transferable>true</transferable>
<deleteRule>NO ACTION</deleteRule>
</Relation>