<?xml version = '1.0' encoding = 'UTF-8'?>
<Relation class="oracle.dbtools.crest.model.design.logical.Relation" name="serv1" directorySegmentName="seg_0" id="73C271A0-B982-3E52-586E-AFE6704F1EE1">
<createdBy>carla</createdBy>
<createdTime>2022-11-16 02:11:21 UTC</createdTime>
<ownerDesignName>Modelo de dados - Carla Ortigoso (RM 97446) - ABC das Finanças</ownerDesignName>
<engineerTo>
<item key="2E2CA6BE-B845-4540-4FA2-C937B9BE950C" value="true"/>
</engineerTo>
<sourcePk>58097AC7-08DB-C5E1-DE68-1AE86B464E12</sourcePk>
<arc>5B34FDA2-B842-2BC3-7E57-A4059803DCCF</arc>
<identifying>true</identifying>
<optionalSource>true</optionalSource>
<optionalTarget>false</optionalTarget>
<sourceCardinality>1</sourceCardinality>
<sourceEntity>22BBF390-D751-0A92-54AB-5AD7B280D052</sourceEntity>
<targetCardinalityString>*</targetCardinalityString>
<targetEntity>7B67A42C-FA2B-8086-37E2-35009CA245E1</targetEntity>
<transferable>true</transferable>
<deleteRule>NO ACTION</deleteRule>
</Relation>