<?xml version = '1.0' encoding = 'UTF-8'?>
<Relation class="oracle.dbtools.crest.model.design.logical.Relation" name="serv2" directorySegmentName="seg_0" id="DB7F7713-4833-CB12-3CBA-F3C40D2FC653">
<createdBy>carla</createdBy>
<createdTime>2022-11-16 02:11:38 UTC</createdTime>
<ownerDesignName>Modelo de dados - Carla Ortigoso (RM 97446) - ABC das Finanças</ownerDesignName>
<engineerTo>
<item key="2E2CA6BE-B845-4540-4FA2-C937B9BE950C" value="true"/>
</engineerTo>
<sourcePk>58097AC7-08DB-C5E1-DE68-1AE86B464E12</sourcePk>
<arc>5B34FDA2-B842-2BC3-7E57-A4059803DCCF</arc>
<identifying>true</identifying>
<optionalSource>true</optionalSource>
<optionalTarget>false</optionalTarget>
<sourceCardinality>1</sourceCardinality>
<sourceEntity>22BBF390-D751-0A92-54AB-5AD7B280D052</sourceEntity>
<targetCardinalityString>*</targetCardinalityString>
<targetEntity>D5036BBB-17EF-9D5D-1D40-5D3F3495B77F</targetEntity>
<transferable>true</transferable>
<deleteRule>NO ACTION</deleteRule>
</Relation>