<?xml version = '1.0' encoding = 'UTF-8'?>
<Relation class="oracle.dbtools.crest.model.design.logical.Relation" name="possuir" directorySegmentName="seg_0" id="F9E09EE3-3935-3797-AC8D-ADE83D57B320">
<createdBy>carla</createdBy>
<createdTime>2022-11-16 02:04:22 UTC</createdTime>
<ownerDesignName>Modelo de dados - Carla Ortigoso (RM 97446) - ABC das Finanças</ownerDesignName>
<engineerTo>
<item key="2E2CA6BE-B845-4540-4FA2-C937B9BE950C" value="true"/>
</engineerTo>
<sourcePk>4AF820C6-661F-7043-5909-C20708A757E9</sourcePk>
<identifying>false</identifying>
<optionalSource>true</optionalSource>
<optionalTarget>true</optionalTarget>
<sourceCardinality>1</sourceCardinality>
<sourceEntity>27426A06-96CF-C269-88FE-F73ECB59BD4E</sourceEntity>
<targetCardinalityString>*</targetCardinalityString>
<targetEntity>45888A3E-77EB-D755-C890-B54419A4D9D8</targetEntity>
<transferable>true</transferable>
<deleteRule>NO ACTION</deleteRule>
</Relation>