<?xml version = '1.0' encoding = 'UTF-8'?>
<relationalModel class="oracle.dbtools.crest.model.design.relational.RelationalDesign" name="Relational_1" id="2E2CA6BE-B845-4540-4FA2-C937B9BE950C" mainViewID="4A6F64D0-4E69-37AF-3EBF-BC45DF3F9301">
<createdBy>carla</createdBy>
<createdTime>2022-11-16 01:57:10 UTC</createdTime>
<ownerDesignName>Modelo de dados - Carla Ortigoso (RM 97446) - ABC das Finanças</ownerDesignName>
<shouldBeOpen>false</shouldBeOpen>
<selectedRDBMSSite>32076570-2523-435C-2E92-BF29817DFF70</selectedRDBMSSite>
</relationalModel>