<?xml version = '1.0' encoding = 'UTF-8'?>
<FKArc class="oracle.dbtools.crest.model.design.relational.FKArc" directorySegmentName="seg_0" id="0B413768-9B9B-4636-506D-B99A3361CB08" name="Arc_1">
<createdBy>carla</createdBy>
<createdTime>2022-11-16 02:34:30 UTC</createdTime>
<ownerDesignName>Modelo de dados - Carla Ortigoso (RM 97446) - ABC das Finanças</ownerDesignName>
<mandatory>false</mandatory>
<reverseArc>true</reverseArc>
<table>DF526C4D-1AC8-10A6-FE50-242160A1DAB4</table>
<fkeys>
<fkeyID>CF7537B5-D68F-8A9A-0AB8-E1F40BBA1398</fkeyID>
<fkeyID>8B05A3D1-89FE-268A-C4AB-A7D543A071C1</fkeyID>
</fkeys>
</FKArc>